#
# There is insufficient memory for the Java Runtime Environment to continue.
# Native memory allocation (mmap) failed to map 65536 bytes. Error detail: Failed to commit metaspace.
# Possible reasons:
#   The system is out of physical RAM or swap space
#   This process is running with CompressedOops enabled, and the Java Heap may be blocking the growth of the native heap
# Possible solutions:
#   Reduce memory load on the system
#   Increase physical memory or swap space
#   Check if swap backing store is full
#   Decrease Java heap size (-Xmx/-Xms)
#   Decrease number of Java threads
#   Decrease Java thread stack sizes (-Xss)
#   Set larger code cache with -XX:ReservedCodeCacheSize=
#   JVM is running with Unscaled Compressed Oops mode in which the Java heap is
#     placed in the first 4GB address space. The Java Heap base address is the
#     maximum limit for the native heap growth. Please use -XX:HeapBaseMinAddress
#     to set the Java Heap base and to place the Java Heap above 4GB virtual address.
# This output file may be truncated or incomplete.
#
#  Out of Memory Error (virtualSpaceNode.cpp:113), pid=7076, tid=12176
#
# JRE version: OpenJDK Runtime Environment Temurin-21.0.12.1+1 (21.0.12.1+1) (build 21.0.12.1+1-LTS)
# Java VM: OpenJDK 64-Bit Server VM Temurin-21.0.12.1+1 (21.0.12.1+1-LTS, mixed mode, sharing, tiered, compressed oops, compressed class ptrs, parallel gc, windows-amd64)
# No core dump will be written. Minidumps are not enabled by default on client versions of Windows
#

---------------  S U M M A R Y ------------

Command Line: --add-modules=ALL-SYSTEM --add-opens=java.base/java.util=ALL-UNNAMED --add-opens=java.base/java.lang=ALL-UNNAMED --add-opens=java.base/sun.nio.fs=ALL-UNNAMED -Declipse.application=org.eclipse.jdt.ls.core.id1 -Dosgi.bundles.defaultStartLevel=4 -Declipse.product=org.eclipse.jdt.ls.core.product -Djava.import.generatesMetadataFilesAtProjectRoot=false -Dm2e.project.cache.size=50 -DDetectVMInstallationsJob.disabled=true -Dfile.encoding=utf8 -XX:+UseParallelGC -XX:GCTimeRatio=4 -XX:AdaptiveSizePolicyWeight=90 -Dsun.zip.disableMemoryMapping=true -Xmx2G -Xms100m -Xlog:disable -javaagent:c:\Users\91855\.vscode\extensions\redhat.java-1.56.0-win32-x64\lombok\lombok-1.18.39-4050.jar -XX:+HeapDumpOnOutOfMemoryError -XX:HeapDumpPath=c:\Users\91855\AppData\Roaming\Code\User\workspaceStorage\1df2326440fc23dada0613db5c5a4e04\redhat.java -Daether.dependencyCollector.impl=bf c:\Users\91855\.vscode\extensions\redhat.java-1.56.0-win32-x64\server\plugins\org.eclipse.equinox.launcher_1.8.0.v20260804-1928.jar -configuration c:\Users\91855\AppData\Roaming\Code\User\globalStorage\redhat.java\1.56.0\config_win -data c:\Users\91855\AppData\Roaming\Code\User\workspaceStorage\1df2326440fc23dada0613db5c5a4e04\redhat.java\jdt_ws --stdio

Host: AMD Ryzen 3 3250U with Radeon Graphics         , 4 cores, 3G,  Windows 11 , 64 bit Build 26100 (10.0.26100.9444)
Time: Tue Sep 22 23:48:37 2026 India Standard Time elapsed time: 21.510381 seconds (0d 0h 0m 21s)

---------------  T H R E A D  ---------------

Current thread (0x00000282ffd4fc60):  JavaThread "Start Level: Equinox Container: dc63df24-a312-4ece-bc77-d75956697a3e" daemon [_thread_in_vm, id=12176, stack(0x000000993a500000,0x000000993a600000) (1024K)]

Stack: [0x000000993a500000,0x000000993a600000]
Native frames: (J=compiled Java code, j=interpreted, Vv=VM code, C=native code)
V  [jvm.dll+0x6d83e9]
V  [jvm.dll+0x8b5736]
V  [jvm.dll+0x8b7cee]
V  [jvm.dll+0x8b83d3]
V  [jvm.dll+0x284596]
V  [jvm.dll+0x8b147e]
V  [jvm.dll+0x679ad4]
V  [jvm.dll+0x1e849b]
V  [jvm.dll+0x1e825e]
V  [jvm.dll+0x67c3d2]
V  [jvm.dll+0x67c202]
V  [jvm.dll+0x67a4ae]
V  [jvm.dll+0x684758]
V  [jvm.dll+0x21973e]
V  [jvm.dll+0x219be5]
V  [jvm.dll+0x21a5d8]
V  [jvm.dll+0x20f80e]
V  [jvm.dll+0x5b6a7f]
V  [jvm.dll+0x82f606]
V  [jvm.dll+0x4792f8]
V  [jvm.dll+0x47f128]
C  [java.dll+0x17ec]

Java frames: (J=compiled Java code, j=interpreted, Vv=VM code)
J 1131  java.lang.ClassLoader.defineClass1(Ljava/lang/ClassLoader;Ljava/lang/String;[BIILjava/security/ProtectionDomain;Ljava/lang/String;)Ljava/lang/Class; java.base@21.0.12.1 (0 bytes) @ 0x00000282b1aa0391 [0x00000282b1aa02c0+0x00000000000000d1]
J 1876 c1 java.lang.ClassLoader.defineClass(Ljava/lang/String;[BIILjava/security/ProtectionDomain;)Ljava/lang/Class; java.base@21.0.12.1 (43 bytes) @ 0x00000282aa2cd6fc [0x00000282aa2cd3a0+0x000000000000035c]
J 3021 c1 org.eclipse.osgi.internal.loader.ModuleClassLoader.defineClass(Ljava/lang/String;[BLorg/eclipse/osgi/internal/loader/classpath/ClasspathEntry;)Lorg/eclipse/osgi/internal/loader/ModuleClassLoader$DefineClassResult; (67 bytes) @ 0x00000282aa56a33c [0x00000282aa56a020+0x000000000000031c]
J 2871 c1 org.eclipse.osgi.internal.loader.classpath.ClasspathManager.defineClass(Ljava/lang/String;[BLorg/eclipse/osgi/internal/loader/classpath/ClasspathEntry;Lorg/eclipse/osgi/storage/bundlefile/BundleEntry;Ljava/util/List;)Ljava/lang/Class; (636 bytes) @ 0x00000282aa506364 [0x00000282aa5048c0+0x0000000000001aa4]
J 2530 c1 org.eclipse.osgi.internal.loader.classpath.ClasspathManager.findClassImpl(Ljava/lang/String;Lorg/eclipse/osgi/internal/loader/classpath/ClasspathEntry;Ljava/util/List;)Ljava/lang/Class; (328 bytes) @ 0x00000282aa4495ac [0x00000282aa446220+0x000000000000338c]
J 2529 c1 org.eclipse.osgi.internal.loader.classpath.ClasspathManager.findLocalClassImpl(Ljava/lang/String;[Lorg/eclipse/osgi/internal/loader/classpath/ClasspathEntry;Ljava/util/List;)Ljava/lang/Class; (55 bytes) @ 0x00000282aa445564 [0x00000282aa4453e0+0x0000000000000184]
J 2828 c1 org.eclipse.osgi.internal.loader.classpath.ClasspathManager.findLocalClassImpl(Ljava/lang/String;Ljava/util/List;)Ljava/lang/Class; (132 bytes) @ 0x00000282aa4f0894 [0x00000282aa4f0360+0x0000000000000534]
J 2527 c1 org.eclipse.osgi.internal.loader.classpath.ClasspathManager.findLocalClass(Ljava/lang/String;)Ljava/lang/Class; (210 bytes) @ 0x00000282aa4430a4 [0x00000282aa4423e0+0x0000000000000cc4]
J 2525 c1 org.eclipse.osgi.internal.loader.BundleLoader.findLocalClass(Ljava/lang/String;)Ljava/lang/Class; (159 bytes) @ 0x00000282aa43fdcc [0x00000282aa43f1e0+0x0000000000000bec]
J 2456 c1 org.eclipse.osgi.internal.loader.BundleLoader.findClass0(Ljava/lang/String;ZZ)Ljava/lang/Class; (490 bytes) @ 0x00000282aa414bb4 [0x00000282aa411a40+0x0000000000003174]
J 2455 c1 org.eclipse.osgi.internal.loader.BundleLoader.findClass(Ljava/lang/String;)Ljava/lang/Class; (8 bytes) @ 0x00000282aa41104c [0x00000282aa410fc0+0x000000000000008c]
J 2457 c1 org.eclipse.osgi.internal.loader.ModuleClassLoader.loadClass(Ljava/lang/String;Z)Ljava/lang/Class; (36 bytes) @ 0x00000282aa4181cc [0x00000282aa417fa0+0x000000000000022c]
J 3898 c2 java.lang.ClassLoader.loadClass(Ljava/lang/String;)Ljava/lang/Class; java.base@21.0.12.1 (7 bytes) @ 0x00000282b1bce4ec [0x00000282b1bce4a0+0x000000000000004c]
v  ~StubRoutines::call_stub 0x00000282b149100d
j  org.eclipse.jdt.internal.core.JavaModelManager.<init>()V+5
j  org.eclipse.jdt.internal.core.JavaModelManager.<clinit>()V+87
v  ~StubRoutines::call_stub 0x00000282b149100d
j  org.eclipse.jdt.core.JavaCore.start(Lorg/osgi/framework/BundleContext;)V+6
j  org.eclipse.osgi.internal.framework.BundleContextImpl$2.run()Ljava/lang/Void;+23
j  org.eclipse.osgi.internal.framework.BundleContextImpl$2.run()Ljava/lang/Object;+1
J 1162 c1 java.security.AccessController.executePrivileged(Ljava/security/PrivilegedExceptionAction;Ljava/security/AccessControlContext;Ljava/lang/Class;)Ljava/lang/Object; java.base@21.0.12.1 (65 bytes) @ 0x00000282aa13a6c4 [0x00000282aa13a560+0x0000000000000164]
j  java.security.AccessController.doPrivileged(Ljava/security/PrivilegedExceptionAction;)Ljava/lang/Object;+9 java.base@21.0.12.1
j  org.eclipse.osgi.internal.framework.BundleContextImpl.startActivator(Lorg/osgi/framework/BundleActivator;)V+9
j  org.eclipse.osgi.internal.framework.BundleContextImpl.start()V+141
j  org.eclipse.osgi.internal.framework.EquinoxBundle.startWorker0()V+35
j  org.eclipse.osgi.internal.framework.EquinoxBundle$EquinoxModule.startWorker()V+4
j  org.eclipse.osgi.container.Module.doStart([Lorg/eclipse/osgi/container/Module$StartOptions;)Lorg/eclipse/osgi/container/ModuleContainerAdaptor$ModuleEvent;+200
J 3020 c1 org.eclipse.osgi.container.Module.start([Lorg/eclipse/osgi/container/Module$StartOptions;)V (662 bytes) @ 0x00000282aa564004 [0x00000282aa561f40+0x00000000000020c4]
J 3730 c1 org.eclipse.osgi.framework.util.SecureAction.start(Lorg/eclipse/osgi/container/Module;[Lorg/eclipse/osgi/container/Module$StartOptions;)V (61 bytes) @ 0x00000282aa6e551c [0x00000282aa6e5360+0x00000000000001bc]
J 2811 c1 org.eclipse.osgi.internal.hooks.EclipseLazyStarter.postFindLocalClass(Ljava/lang/String;Ljava/lang/Class;Lorg/eclipse/osgi/internal/loader/classpath/ClasspathManager;)V (394 bytes) @ 0x00000282aa4e2514 [0x00000282aa4e1540+0x0000000000000fd4]
J 2527 c1 org.eclipse.osgi.internal.loader.classpath.ClasspathManager.findLocalClass(Ljava/lang/String;)Ljava/lang/Class; (210 bytes) @ 0x00000282aa4433f4 [0x00000282aa4423e0+0x0000000000001014]
J 2525 c1 org.eclipse.osgi.internal.loader.BundleLoader.findLocalClass(Ljava/lang/String;)Ljava/lang/Class; (159 bytes) @ 0x00000282aa43fdcc [0x00000282aa43f1e0+0x0000000000000bec]
J 2822 c1 org.eclipse.osgi.internal.loader.sources.SingleSourcePackage.loadClass(Ljava/lang/String;)Ljava/lang/Class; (9 bytes) @ 0x00000282aa4ee0cc [0x00000282aa4edfc0+0x000000000000010c]
J 2456 c1 org.eclipse.osgi.internal.loader.BundleLoader.findClass0(Ljava/lang/String;ZZ)Ljava/lang/Class; (490 bytes) @ 0x00000282aa414abc [0x00000282aa411a40+0x000000000000307c]
J 2455 c1 org.eclipse.osgi.internal.loader.BundleLoader.findClass(Ljava/lang/String;)Ljava/lang/Class; (8 bytes) @ 0x00000282aa41104c [0x00000282aa410fc0+0x000000000000008c]
J 2457 c1 org.eclipse.osgi.internal.loader.ModuleClassLoader.loadClass(Ljava/lang/String;Z)Ljava/lang/Class; (36 bytes) @ 0x00000282aa4181cc [0x00000282aa417fa0+0x000000000000022c]
J 3898 c2 java.lang.ClassLoader.loadClass(Ljava/lang/String;)Ljava/lang/Class; java.base@21.0.12.1 (7 bytes) @ 0x00000282b1bce4ec [0x00000282b1bce4a0+0x000000000000004c]
v  ~StubRoutines::call_stub 0x00000282b149100d
j  java.lang.Class.getDeclaredConstructors0(Z)[Ljava/lang/reflect/Constructor;+0 java.base@21.0.12.1
j  java.lang.Class.privateGetDeclaredConstructors(Z)[Ljava/lang/reflect/Constructor;+52 java.base@21.0.12.1
j  java.lang.Class.getConstructor0([Ljava/lang/Class;I)Ljava/lang/reflect/Constructor;+14 java.base@21.0.12.1
j  java.lang.Class.getConstructor([Ljava/lang/Class;)Ljava/lang/reflect/Constructor;+24 java.base@21.0.12.1
j  org.eclipse.osgi.internal.framework.BundleContextImpl.loadBundleActivator()Lorg/osgi/framework/BundleActivator;+105
j  org.eclipse.osgi.internal.framework.BundleContextImpl.start()V+18
j  org.eclipse.osgi.internal.framework.EquinoxBundle.startWorker0()V+35
j  org.eclipse.osgi.internal.framework.EquinoxBundle$EquinoxModule.startWorker()V+4
j  org.eclipse.osgi.container.Module.doStart([Lorg/eclipse/osgi/container/Module$StartOptions;)Lorg/eclipse/osgi/container/ModuleContainerAdaptor$ModuleEvent;+200
j  org.eclipse.osgi.container.Module.start([Lorg/eclipse/osgi/container/Module$StartOptions;)V+460
j  org.eclipse.osgi.container.ModuleContainer$ContainerStartLevel$2.run()V+83
j  org.eclipse.osgi.internal.framework.EquinoxContainerAdaptor$1$1.execute(Ljava/lang/Runnable;)V+1
j  org.eclipse.osgi.container.ModuleContainer$ContainerStartLevel.incStartLevel(ILjava/util/List;Z)V+193
j  org.eclipse.osgi.container.ModuleContainer$ContainerStartLevel.incStartLevel(ILjava/util/List;Ljava/util/List;Ljava/util/List;Ljava/util/List;)V+19
j  org.eclipse.osgi.container.ModuleContainer$ContainerStartLevel.doContainerStartLevel(Lorg/eclipse/osgi/container/Module;I[Lorg/osgi/framework/FrameworkListener;)V+358
j  org.eclipse.osgi.container.ModuleContainer$ContainerStartLevel.dispatchEvent(Lorg/eclipse/osgi/container/Module;[Lorg/osgi/framework/FrameworkListener;ILjava/lang/Integer;)V+32
j  org.eclipse.osgi.container.ModuleContainer$ContainerStartLevel.dispatchEvent(Ljava/lang/Object;Ljava/lang/Object;ILjava/lang/Object;)V+15
j  org.eclipse.osgi.framework.eventmgr.EventManager.dispatchEvent(Ljava/util/Set;Lorg/eclipse/osgi/framework/eventmgr/EventDispatcher;ILjava/lang/Object;)V+48
j  org.eclipse.osgi.framework.eventmgr.EventManager$EventThread.run()V+26
v  ~StubRoutines::call_stub 0x00000282b149100d

Compiled method (n/a) 21771 1131     n 0       java.lang.ClassLoader::defineClass1 (native)
 total in heap  [0x00000282b1aa0110,0x00000282b1aa0598] = 1160
 relocation     [0x00000282b1aa0270,0x00000282b1aa02a8] = 56
 main code      [0x00000282b1aa02c0,0x00000282b1aa0596] = 726
 stub code      [0x00000282b1aa0596,0x00000282b1aa0598] = 2

[Constant Pool (empty)]

[MachCode]
[Entry Point]
  # {method} {0x00000282be434c38} 'defineClass1' '(Ljava/lang/ClassLoader;Ljava/lang/String;[BIILjava/security/ProtectionDomain;Ljava/lang/String;)Ljava/lang/Class;' in 'java/lang/ClassLoader'
  # parm0:    rdx:rdx   = 'java/lang/ClassLoader'
  # parm1:    r8:r8     = 'java/lang/String'
  # parm2:    r9:r9     = '[B'
  # parm3:    rdi       = int
  # parm4:    rsi       = int
  # parm5:    rcx:rcx   = 'java/security/ProtectionDomain'
  # parm6:    [sp+0xa0]   = 'java/lang/String'  (sp of caller)
  0x00000282b1aa02c0: 448b 5208 | 49bb 0000 | 00be 8202 | 0000 4d03 | d349 3bc2 | 0f84 0600 

  0x00000282b1aa02d8: ;   {runtime_call ic_miss_stub}
  0x00000282b1aa02d8: 0000 e9a1 | e1a3 ff90 
[Verified Entry Point]
  0x00000282b1aa02e0: 8984 2400 | 80ff ff55 | 488b ec48 | 81ec 9000 | 0000 6690 | 4181 7f20 | 0200 0000 

  0x00000282b1aa02fc: ;   {runtime_call StubRoutines (final stubs)}
  0x00000282b1aa02fc: 7405 e8dd | 86a2 ff48 | 837d 1000 | 488d 4510 | 480f 4445 | 1048 8944 | 2440 4889 | 4c24 7048 
  0x00000282b1aa031c: 83f9 0048 | 8d44 2470 | 480f 4444 | 2470 4889 | 4424 3848 | 8974 2430 | 4889 7c24 | 284c 894c 
  0x00000282b1aa033c: 2458 4983 | f900 488d | 4424 5848 | 0f44 4424 | 5848 8944 | 2420 4c89 | 4424 5049 | 83f8 004c 
  0x00000282b1aa035c: 8d4c 2450 | 4c0f 444c | 2450 4889 | 5424 4848 | 83fa 004c | 8d44 2448 | 4c0f 4444 

  0x00000282b1aa0378: ;   {oop(a 'java/lang/Class'{0x000000008079ed50} = 'java/lang/ClassLoader')}
  0x00000282b1aa0378: 2448 49be | 50ed 7980 | 0000 0000 | 4c89 7424 | 784c 8d74 | 2478 498b | d6c5 f877 

  0x00000282b1aa0394: ;   {internal_word}
  0x00000282b1aa0394: 49ba 9103 | aab1 8202 | 0000 4d89 | 97a8 0300 | 0049 89a7 | a003 0000 

  0x00000282b1aa03ac: ;   {external_word}
  0x00000282b1aa03ac: 49ba 066d | 02c8 f87f | 0000 4180 | 3a00 0f84 | 4e00 0000 | 5241 5041 

  0x00000282b1aa03c4: ;   {metadata({method} {0x00000282be434c38} 'defineClass1' '(Ljava/lang/ClassLoader;Ljava/lang/String;[BIILjava/security/ProtectionDomain;Ljava/lang/String;)Ljava/lang/Class;' in 'java/lang/ClassLoader')}
  0x00000282b1aa03c4: 5148 ba30 | 4c43 be82 | 0200 0049 | 8bcf 4883 | ec20 40f6 | c40f 0f84 | 1900 0000 | 4883 ec08 
  0x00000282b1aa03e4: ;   {runtime_call}
  0x00000282b1aa03e4: 48b8 e0ea | abc7 f87f | 0000 ffd0 | 4883 c408 | e90c 0000 

  0x00000282b1aa03f8: ;   {runtime_call}
  0x00000282b1aa03f8: 0048 b8e0 | eaab c7f8 | 7f00 00ff | d048 83c4 | 2041 5941 | 585a 498d | 8fc0 0300 | 0041 c787 
  0x00000282b1aa0418: 4c04 0000 | 0400 0000 

  0x00000282b1aa0420: ;   {runtime_call}
  0x00000282b1aa0420: 48b8 ac16 | 3409 f97f | 0000 ffd0 | c5f8 7741 | c787 4c04 | 0000 0500 | 0000 f083 | 4424 c000 
  0x00000282b1aa0440: 493b af50 | 0400 000f | 870e 0000 | 0041 83bf | 4804 0000 | 000f 842b | 0000 00c5 | f877 4889 
  0x00000282b1aa0460: 45f8 498b | cf4c 8be4 | 4883 ec20 | 4883 e4f0 

  0x00000282b1aa0470: ;   {runtime_call}
  0x00000282b1aa0470: 48b8 0058 | 77c7 f87f | 0000 ffd0 | 498b e44d | 33e4 488b | 45f8 41c7 | 874c 0400 | 0008 0000 
  0x00000282b1aa0490: 0041 83bf | c804 0000 | 020f 84ca 

  0x00000282b1aa049c: ;   {external_word}
  0x00000282b1aa049c: 0000 0049 | ba06 6d02 | c8f8 7f00 | 0041 803a | 000f 844c | 0000 0048 

  0x00000282b1aa04b4: ;   {metadata({method} {0x00000282be434c38} 'defineClass1' '(Ljava/lang/ClassLoader;Ljava/lang/String;[BIILjava/security/ProtectionDomain;Ljava/lang/String;)Ljava/lang/Class;' in 'java/lang/ClassLoader')}
  0x00000282b1aa04b4: 8945 f848 | ba30 4c43 | be82 0200 | 0049 8bcf | 4883 ec20 | 40f6 c40f | 0f84 1900 | 0000 4883 
  0x00000282b1aa04d4: ;   {runtime_call}
  0x00000282b1aa04d4: ec08 48b8 | e0ea abc7 | f87f 0000 | ffd0 4883 | c408 e90c 

  0x00000282b1aa04e8: ;   {runtime_call}
  0x00000282b1aa04e8: 0000 0048 | b8e0 eaab | c7f8 7f00 | 00ff d048 | 83c4 2048 | 8b45 f849 | c787 a003 | 0000 0000 
  0x00000282b1aa0508: 0000 49c7 | 87a8 0300 | 0000 0000 | 00c5 f877 | 4885 c00f | 8425 0000 | 00a8 030f | 8508 0000 
  0x00000282b1aa0528: 0048 8b00 | e915 0000 | 00a8 010f | 8509 0000 | 0048 8b40 | fee9 0400 | 0000 488b | 40ff 498b 
  0x00000282b1aa0548: 8f30 0400 | 00c7 8100 | 0100 0000 | 0000 00c9 | 4983 7f08 | 000f 8501 | 0000 00c3 

  0x00000282b1aa0564: ;   {runtime_call StubRoutines (initial stubs)}
  0x00000282b1aa0564: e997 099f | ffc5 f877 | 4889 45f8 | 4c8b e448 | 83ec 2048 

  0x00000282b1aa0578: ;   {runtime_call}
  0x00000282b1aa0578: 83e4 f048 | b830 22ac | c7f8 7f00 | 00ff d049 | 8be4 4d33 | e448 8b45 | f8e9 09ff | ffff f4f4 
[/MachCode]


Compiled method (c1) 21874 1876       3       java.lang.ClassLoader::defineClass (43 bytes)
 total in heap  [0x00000282aa2cd190,0x00000282aa2cdaf0] = 2400
 relocation     [0x00000282aa2cd2f0,0x00000282aa2cd390] = 160
 main code      [0x00000282aa2cd3a0,0x00000282aa2cd840] = 1184
 stub code      [0x00000282aa2cd840,0x00000282aa2cd8b8] = 120
 metadata       [0x00000282aa2cd8b8,0x00000282aa2cd8e8] = 48
 scopes data    [0x00000282aa2cd8e8,0x00000282aa2cd9d8] = 240
 scopes pcs     [0x00000282aa2cd9d8,0x00000282aa2cdab8] = 224
 dependencies   [0x00000282aa2cdab8,0x00000282aa2cdac8] = 16
 nul chk table  [0x00000282aa2cdac8,0x00000282aa2cdaf0] = 40

[Constant Pool (empty)]

[MachCode]
[Entry Point]
  # {method} {0x00000282be434fb8} 'defineClass' '(Ljava/lang/String;[BIILjava/security/ProtectionDomain;)Ljava/lang/Class;' in 'java/lang/ClassLoader'
  # this:     rdx:rdx   = 'java/lang/ClassLoader'
  # parm0:    r8:r8     = 'java/lang/String'
  # parm1:    r9:r9     = '[B'
  # parm2:    rdi       = int
  # parm3:    rsi       = int
  # parm4:    rcx:rcx   = 'java/security/ProtectionDomain'
  #           [sp+0xc0]  (sp of caller)
  0x00000282aa2cd3a0: 448b 5208 | 49bb 0000 | 00be 8202 | 0000 4d03 | d34c 3bd0 

  0x00000282aa2cd3b4: ;   {runtime_call ic_miss_stub}
  0x00000282aa2cd3b4: 0f85 c610 | 2107 660f | 1f44 0000 
[Verified Entry Point]
  0x00000282aa2cd3c0: 8984 2400 | 80ff ff55 | 4881 ecb0 | 0000 0090 | 4181 7f20 | 0200 0000 

  0x00000282aa2cd3d8: ;   {runtime_call StubRoutines (final stubs)}
  0x00000282aa2cd3d8: 7405 e801 | b61f 0748 | 8954 2478 

  0x00000282aa2cd3e4: ;   {metadata(method data for {method} {0x00000282be434fb8} 'defineClass' '(Ljava/lang/String;[BIILjava/security/ProtectionDomain;)Ljava/lang/Class;' in 'java/lang/ClassLoader')}
  0x00000282aa2cd3e4: 48bb 38f5 | 3780 8202 | 0000 8b83 | cc00 0000 | 83c0 0289 | 83cc 0000 | 0025 fe07 | 0000 85c0 
  0x00000282aa2cd404: 0f84 5803 | 0000 89b4 | 2494 0000 | 0089 bc24 | 9000 0000 | 4c89 8c24 | 8800 0000 

  0x00000282aa2cd420: ;   {metadata(method data for {method} {0x00000282be434fb8} 'defineClass' '(Ljava/lang/String;[BIILjava/security/ProtectionDomain;)Ljava/lang/Class;' in 'java/lang/ClassLoader')}
  0x00000282aa2cd420: 488b da48 | b838 f537 | 8082 0200 | 0048 8380 | 1001 0000 | 0149 8bd8 | 4c8b c34c | 8bc9 488b 
  0x00000282aa2cd440: ca48 8bd1 | 4889 9c24 | 8000 0000 

  0x00000282aa2cd44c: ;   {optimized virtual_call}
  0x00000282aa2cd44c: 6666 90e8 

  0x00000282aa2cd450: ; ImmutableOopMap {[120]=Oop [128]=Oop [136]=Oop }
                      ;*invokevirtual preDefineClass {reexecute=0 rethrow=0 return_oop=0}
                      ; - java.lang.ClassLoader::defineClass@4
  0x00000282aa2cd450: 4c0e edff 

  0x00000282aa2cd454: ;   {other}
  0x00000282aa2cd454: 0f1f 8400 | c402 0000 | 4889 8424 | 9800 0000 | 488b 5424 

  0x00000282aa2cd468: ;   {metadata(method data for {method} {0x00000282be434fb8} 'defineClass' '(Ljava/lang/String;[BIILjava/security/ProtectionDomain;)Ljava/lang/Class;' in 'java/lang/ClassLoader')}
  0x00000282aa2cd468: 7849 b838 | f537 8082 | 0200 0049 | 8380 4801 

  0x00000282aa2cd478: ;   {metadata(method data for {method} {0x00000282be434ca0} 'defineClassSourceLocation' '(Ljava/security/ProtectionDomain;)Ljava/lang/String;' in 'java/lang/ClassLoader')}
  0x00000282aa2cd478: 0000 0149 | b850 fc37 | 8082 0200 | 0041 8b90 | cc00 0000 | 83c2 0241 | 8990 cc00 | 0000 81e2 
  0x00000282aa2cd498: feff 1f00 | 85d2 0f84 | df02 0000 

  0x00000282aa2cd4a4: ; implicit exception: dispatches to 0x00000282aa2cd7a4
  0x00000282aa2cd4a4: 483b 004c 

  0x00000282aa2cd4a8: ;   {metadata(method data for {method} {0x00000282be434ca0} 'defineClassSourceLocation' '(Ljava/security/ProtectionDomain;)Ljava/lang/String;' in 'java/lang/ClassLoader')}
  0x00000282aa2cd4a8: 8bc0 48ba | 50fc 3780 | 8202 0000 | 4883 8210 | 0100 0001 | 448b 4010 

  0x00000282aa2cd4c0: ;   {metadata(method data for {method} {0x00000282be434ca0} 'defineClassSourceLocation' '(Ljava/security/ProtectionDomain;)Ljava/lang/String;' in 'java/lang/ClassLoader')}
  0x00000282aa2cd4c0: 4d85 c048 | ba50 fc37 | 8082 0200 | 0048 c7c6 | 5801 0000 | 7507 48c7 | c648 0100 | 0048 8b3c 
  0x00000282aa2cd4e0: 3248 8d7f | 0148 893c | 320f 850f 

  0x00000282aa2cd4ec: ;   {oop(nullptr)}
  0x00000282aa2cd4ec: 0000 0048 | bb00 0000 | 0000 0000 | 00e9 a901 | 0000 493b | 0049 8bd0 

  0x00000282aa2cd504: ;   {metadata(method data for {method} {0x00000282be434ca0} 'defineClassSourceLocation' '(Ljava/security/ProtectionDomain;)Ljava/lang/String;' in 'java/lang/ClassLoader')}
  0x00000282aa2cd504: 48be 50fc | 3780 8202 | 0000 4883 | 8668 0100 | 0001 418b | 500c 4885 

  0x00000282aa2cd51c: ;   {metadata(method data for {method} {0x00000282be434ca0} 'defineClassSourceLocation' '(Ljava/security/ProtectionDomain;)Ljava/lang/String;' in 'java/lang/ClassLoader')}
  0x00000282aa2cd51c: d248 be50 | fc37 8082 | 0200 0048 | c7c7 b001 | 0000 7507 | 48c7 c7a0 | 0100 0048 | 8b1c 3e48 
  0x00000282aa2cd53c: 8d5b 0148 | 891c 3e0f | 850f 0000 

  0x00000282aa2cd548: ;   {oop(nullptr)}
  0x00000282aa2cd548: 0048 bb00 | 0000 0000 | 0000 00e9 | 4f01 0000 

  0x00000282aa2cd558: ;   {metadata(method data for {method} {0x00000282be434ca0} 'defineClassSourceLocation' '(Ljava/security/ProtectionDomain;)Ljava/lang/String;' in 'java/lang/ClassLoader')}
  0x00000282aa2cd558: 48be 50fc | 3780 8202 | 0000 4883 | 86c0 0100 | 0001 483b | 024c 8bc2 

  0x00000282aa2cd570: ;   {metadata(method data for {method} {0x00000282be434ca0} 'defineClassSourceLocation' '(Ljava/security/ProtectionDomain;)Ljava/lang/String;' in 'java/lang/ClassLoader')}
  0x00000282aa2cd570: 48be 50fc | 3780 8202 | 0000 4883 | 86f8 0100 

  0x00000282aa2cd580: ;   {metadata(method data for {method} {0x00000282be01abf0} 'toString' '()Ljava/lang/String;' in 'java/net/URL')}
  0x00000282aa2cd580: 0001 49b8 | 20f0 3780 | 8202 0000 | 418b b0cc | 0000 0083 | c602 4189 | b0cc 0000 | 0081 e6fe 
  0x00000282aa2cd5a0: ff1f 0085 | f60f 8408 | 0200 004c 

  0x00000282aa2cd5ac: ;   {metadata(method data for {method} {0x00000282be01abf0} 'toString' '()Ljava/lang/String;' in 'java/net/URL')}
  0x00000282aa2cd5ac: 8bc2 48be | 20f0 3780 | 8202 0000 | 4883 8610 | 0100 0001 

  0x00000282aa2cd5c0: ;   {metadata(method data for {method} {0x00000282be428840} 'toExternalForm' '()Ljava/lang/String;' in 'java/net/URL')}
  0x00000282aa2cd5c0: 49b8 c889 | 3780 8202 | 0000 418b | b0cc 0000 | 0083 c602 | 4189 b0cc | 0000 0081 | e6fe ff1f 
  0x00000282aa2cd5e0: 0085 f60f | 84eb 0100 | 008b 7238 

  0x00000282aa2cd5ec: ; implicit exception: dispatches to 0x00000282aa2cd7f5
  0x00000282aa2cd5ec: 483b 064c 

  0x00000282aa2cd5f0: ;   {metadata(method data for {method} {0x00000282be428840} 'toExternalForm' '()Ljava/lang/String;' in 'java/net/URL')}
  0x00000282aa2cd5f0: 8bc6 48bf | c889 3780 | 8202 0000 | 458b 4008 | 49ba 0000 | 00be 8202 | 0000 4d03 | c24c 3b87 
  0x00000282aa2cd610: 2001 0000 | 750d 4883 | 8728 0100 | 0001 e960 | 0000 004c | 3b87 3001 | 0000 750d | 4883 8738 
  0x00000282aa2cd630: 0100 0001 | e94a 0000 | 0048 83bf | 2001 0000 | 0075 174c | 8987 2001 | 0000 48c7 | 8728 0100 
  0x00000282aa2cd650: 0001 0000 | 00e9 2900 | 0000 4883 | bf30 0100 | 0000 7517 | 4c89 8730 | 0100 0048 | c787 3801 
  0x00000282aa2cd670: 0000 0100 | 0000 e908 | 0000 0048 | 8387 1001 | 0000 014c | 8bc2 488b | d60f 1f40 | 0048 b8ff 
  0x00000282aa2cd690: ffff ffff 

  0x00000282aa2cd694: ;   {virtual_call}
  0x00000282aa2cd694: ffff ffe8 

  0x00000282aa2cd698: ; ImmutableOopMap {[120]=Oop [128]=Oop [136]=Oop [152]=Oop }
                      ;*invokevirtual toExternalForm {reexecute=0 rethrow=0 return_oop=0}
                      ; - java.net.URL::toExternalForm@5
                      ; - java.net.URL::toString@1
                      ; - java.lang.ClassLoader::defineClassSourceLocation@22
                      ; - java.lang.ClassLoader::defineClass@12
  0x00000282aa2cd698: 649d 2d07 

  0x00000282aa2cd69c: ;   {other}
  0x00000282aa2cd69c: 0f1f 8400 | 0c05 0001 | 488b d848 | 8b84 2498 | 0000 008b | b424 9400 | 0000 8bbc | 2490 0000 
  0x00000282aa2cd6bc: 004c 8b8c | 2488 0000 | 004c 8b84 | 2480 0000 | 0048 8b54 

  0x00000282aa2cd6d0: ;   {metadata(method data for {method} {0x00000282be434fb8} 'defineClass' '(Ljava/lang/String;[BIILjava/security/ProtectionDomain;)Ljava/lang/Class;' in 'java/lang/ClassLoader')}
  0x00000282aa2cd6d0: 2478 48b9 | 38f5 3780 | 8202 0000 | 4883 8180 | 0100 0001 | 4c8b da49 | 8bd3 488b | c848 891c 
  0x00000282aa2cd6f0: 2466 0f1f 

  0x00000282aa2cd6f4: ;   {static_call}
  0x00000282aa2cd6f4: 4400 00e8 

  0x00000282aa2cd6f8: ; ImmutableOopMap {[120]=Oop [152]=Oop }
                      ;*invokestatic defineClass1 {reexecute=0 rethrow=0 return_oop=0}
                      ; - java.lang.ClassLoader::defineClass@27
  0x00000282aa2cd6f8: e42b 7d07 

  0x00000282aa2cd6fc: ;   {other}
  0x00000282aa2cd6fc: 0f1f 8400 | 6c05 0002 | 488b 5424 

  0x00000282aa2cd708: ;   {metadata(method data for {method} {0x00000282be434fb8} 'defineClass' '(Ljava/lang/String;[BIILjava/security/ProtectionDomain;)Ljava/lang/Class;' in 'java/lang/ClassLoader')}
  0x00000282aa2cd708: 7849 b838 | f537 8082 | 0200 0049 | 8380 9001 | 0000 014c | 8bc0 4c8b | 8c24 9800 | 0000 488b 
  0x00000282aa2cd728: 5424 7848 | 8984 24a0 | 0000 000f 

  0x00000282aa2cd734: ;   {optimized virtual_call}
  0x00000282aa2cd734: 1f40 00e8 

  0x00000282aa2cd738: ; ImmutableOopMap {[160]=Oop }
                      ;*invokevirtual postDefineClass {reexecute=0 rethrow=0 return_oop=0}
                      ; - java.lang.ClassLoader::defineClass@37
  0x00000282aa2cd738: e489 f7ff 

  0x00000282aa2cd73c: ;   {other}
  0x00000282aa2cd73c: 0f1f 8400 | ac05 0003 | 488b 8424 | a000 0000 | 4881 c4b0 | 0000 005d 

  0x00000282aa2cd754: ;   {poll_return}
  0x00000282aa2cd754: 493b a750 | 0400 000f | 8799 0000 

  0x00000282aa2cd760: ;   {metadata({method} {0x00000282be434fb8} 'defineClass' '(Ljava/lang/String;[BIILjava/security/ProtectionDomain;)Ljava/lang/Class;' in 'java/lang/ClassLoader')}
  0x00000282aa2cd760: 00c3 49ba | b04f 43be | 8202 0000 | 4c89 5424 | 0848 c704 | 24ff ffff 

  0x00000282aa2cd778: ;   {runtime_call counter_overflow Runtime1 stub}
  0x00000282aa2cd778: ffe8 8285 

  0x00000282aa2cd77c: ; ImmutableOopMap {rdx=Oop r8=Oop r9=Oop rcx=Oop [120]=Oop }
                      ;*synchronization entry
                      ; - java.lang.ClassLoader::defineClass@-1
  0x00000282aa2cd77c: 2c07 e987 

  0x00000282aa2cd780: ;   {metadata({method} {0x00000282be434ca0} 'defineClassSourceLocation' '(Ljava/security/ProtectionDomain;)Ljava/lang/String;' in 'java/lang/ClassLoader')}
  0x00000282aa2cd780: fcff ff49 | ba98 4c43 | be82 0200 | 004c 8954 | 2408 48c7 | 0424 ffff 

  0x00000282aa2cd798: ;   {runtime_call counter_overflow Runtime1 stub}
  0x00000282aa2cd798: ffff e861 

  0x00000282aa2cd79c: ; ImmutableOopMap {rax=Oop [120]=Oop [128]=Oop [136]=Oop [152]=Oop }
                      ;*synchronization entry
                      ; - java.lang.ClassLoader::defineClassSourceLocation@-1
                      ; - java.lang.ClassLoader::defineClass@12
  0x00000282aa2cd79c: 852c 07e9 | 00fd ffff 

  0x00000282aa2cd7a4: ;   {runtime_call throw_null_pointer_exception Runtime1 stub}
  0x00000282aa2cd7a4: e857 342c 

  0x00000282aa2cd7a8: ; ImmutableOopMap {rax=Oop [120]=Oop [128]=Oop [136]=Oop [152]=Oop }
                      ;*invokevirtual getCodeSource {reexecute=0 rethrow=0 return_oop=0}
                      ; - java.lang.ClassLoader::defineClassSourceLocation@1
                      ; - java.lang.ClassLoader::defineClass@12
                      ;   {runtime_call throw_null_pointer_exception Runtime1 stub}
  0x00000282aa2cd7a8: 07e8 5234 

  0x00000282aa2cd7ac: ; ImmutableOopMap {rax=Oop r8=Oop [120]=Oop [128]=Oop [136]=Oop [152]=Oop }
                      ;*invokevirtual getLocation {reexecute=0 rethrow=0 return_oop=0}
                      ; - java.lang.ClassLoader::defineClassSourceLocation@12
                      ; - java.lang.ClassLoader::defineClass@12
                      ;   {runtime_call throw_null_pointer_exception Runtime1 stub}
  0x00000282aa2cd7ac: 2c07 e84d 

  0x00000282aa2cd7b0: ; ImmutableOopMap {rdx=Oop [120]=Oop [128]=Oop [136]=Oop [152]=Oop }
                      ;*invokevirtual toString {reexecute=0 rethrow=0 return_oop=0}
                      ; - java.lang.ClassLoader::defineClassSourceLocation@22
                      ; - java.lang.ClassLoader::defineClass@12
                      ;   {metadata({method} {0x00000282be01abf0} 'toString' '()Ljava/lang/String;' in 'java/net/URL')}
  0x00000282aa2cd7b0: 342c 0749 | bae8 ab01 | be82 0200 | 004c 8954 | 2408 48c7 | 0424 ffff 

  0x00000282aa2cd7c8: ;   {runtime_call counter_overflow Runtime1 stub}
  0x00000282aa2cd7c8: ffff e831 

  0x00000282aa2cd7cc: ; ImmutableOopMap {rdx=Oop [120]=Oop [128]=Oop [136]=Oop [152]=Oop }
                      ;*synchronization entry
                      ; - java.net.URL::toString@-1
                      ; - java.lang.ClassLoader::defineClassSourceLocation@22
                      ; - java.lang.ClassLoader::defineClass@12
  0x00000282aa2cd7cc: 852c 07e9 | d7fd ffff 

  0x00000282aa2cd7d4: ;   {metadata({method} {0x00000282be428840} 'toExternalForm' '()Ljava/lang/String;' in 'java/net/URL')}
  0x00000282aa2cd7d4: 49ba 3888 | 42be 8202 | 0000 4c89 | 5424 0848 | c704 24ff 

  0x00000282aa2cd7e8: ;   {runtime_call counter_overflow Runtime1 stub}
  0x00000282aa2cd7e8: ffff ffe8 

  0x00000282aa2cd7ec: ; ImmutableOopMap {rdx=Oop [120]=Oop [128]=Oop [136]=Oop [152]=Oop }
                      ;*synchronization entry
                      ; - java.net.URL::toExternalForm@-1
                      ; - java.net.URL::toString@1
                      ; - java.lang.ClassLoader::defineClassSourceLocation@22
                      ; - java.lang.ClassLoader::defineClass@12
  0x00000282aa2cd7ec: 1085 2c07 | e9f4 fdff 

  0x00000282aa2cd7f4: ;   {runtime_call throw_null_pointer_exception Runtime1 stub}
  0x00000282aa2cd7f4: ffe8 0634 

  0x00000282aa2cd7f8: ; ImmutableOopMap {rdx=Oop rsi=Oop [120]=Oop [128]=Oop [136]=Oop [152]=Oop }
                      ;*invokevirtual toExternalForm {reexecute=0 rethrow=0 return_oop=0}
                      ; - java.net.URL::toExternalForm@5
                      ; - java.net.URL::toString@1
                      ; - java.lang.ClassLoader::defineClassSourceLocation@22
                      ; - java.lang.ClassLoader::defineClass@12
                      ;   {internal_word}
  0x00000282aa2cd7f8: 2c07 49ba | 54d7 2caa | 8202 0000 | 4d89 9768 

  0x00000282aa2cd808: ;   {runtime_call SafepointBlob}
  0x00000282aa2cd808: 0400 00e9 | f072 2107 | 498b 8700 | 0500 0049 | c787 0005 | 0000 0000 | 0000 49c7 | 8708 0500 
  0x00000282aa2cd828: 0000 0000 | 0048 81c4 | b000 0000 

  0x00000282aa2cd834: ;   {runtime_call unwind_exception Runtime1 stub}
  0x00000282aa2cd834: 5de9 c624 | 2c07 f4f4 | f4f4 f4f4 
[Stub Code]
  0x00000282aa2cd840: ;   {no_reloc}
  0x00000282aa2cd840: 0f1f 4400 

  0x00000282aa2cd844: ;   {static_stub}
  0x00000282aa2cd844: 0048 bb00 | 0000 0000 

  0x00000282aa2cd84c: ;   {runtime_call nmethod}
  0x00000282aa2cd84c: 0000 00e9 | fbff ffff 

  0x00000282aa2cd854: ;   {static_stub}
  0x00000282aa2cd854: 48bb 0000 | 0000 0000 

  0x00000282aa2cd85c: ;   {runtime_call nmethod}
  0x00000282aa2cd85c: 0000 e9fb 

  0x00000282aa2cd860: ;   {static_stub}
  0x00000282aa2cd860: ffff ff48 | bb00 0000 | 0000 0000 

  0x00000282aa2cd86c: ;   {runtime_call nmethod}
  0x00000282aa2cd86c: 00e9 fbff 

  0x00000282aa2cd870: ;   {static_stub}
  0x00000282aa2cd870: ffff 48bb | 0000 0000 | 0000 0000 

  0x00000282aa2cd87c: ;   {runtime_call nmethod}
  0x00000282aa2cd87c: e9fb ffff 

  0x00000282aa2cd880: ;   {runtime_call handle_exception_from_callee Runtime1 stub}
  0x00000282aa2cd880: ffe8 7a51 

  0x00000282aa2cd884: ;   {external_word}
  0x00000282aa2cd884: 2c07 48b9 | 5063 d8c7 | f87f 0000 | 4883 e4f0 

  0x00000282aa2cd894: ;   {runtime_call}
  0x00000282aa2cd894: 48b8 c0c9 | 9ac7 f87f | 0000 ffd0 

  0x00000282aa2cd8a0: ;   {section_word}
  0x00000282aa2cd8a0: f449 baa1 | d82c aa82 | 0200 0041 

  0x00000282aa2cd8ac: ;   {runtime_call DeoptimizationBlob}
  0x00000282aa2cd8ac: 52e9 ee64 | 2107 f4f4 | f4f4 f4f4 
[/MachCode]


Compiled method (c1) 21945 3021   !   3       org.eclipse.osgi.internal.loader.ModuleClassLoader::defineClass (67 bytes)
 total in heap  [0x00000282aa569e10,0x00000282aa56a9f0] = 3040
 relocation     [0x00000282aa569f70,0x00000282aa56a018] = 168
 main code      [0x00000282aa56a020,0x00000282aa56a620] = 1536
 stub code      [0x00000282aa56a620,0x00000282aa56a690] = 112
 oops           [0x00000282aa56a690,0x00000282aa56a698] = 8
 metadata       [0x00000282aa56a698,0x00000282aa56a6d8] = 64
 scopes data    [0x00000282aa56a6d8,0x00000282aa56a828] = 336
 scopes pcs     [0x00000282aa56a828,0x00000282aa56a938] = 272
 dependencies   [0x00000282aa56a938,0x00000282aa56a950] = 24
 handler table  [0x00000282aa56a950,0x00000282aa56a9c8] = 120
 nul chk table  [0x00000282aa56a9c8,0x00000282aa56a9f0] = 40

[Constant Pool (empty)]

[MachCode]
[Entry Point]
  # {method} {0x00000282805dfc40} 'defineClass' '(Ljava/lang/String;[BLorg/eclipse/osgi/internal/loader/classpath/ClasspathEntry;)Lorg/eclipse/osgi/internal/loader/ModuleClassLoader$DefineClassResult;' in 'org/eclipse/osgi/internal/loader/ModuleClassLoader'
  # this:     rdx:rdx   = 'org/eclipse/osgi/internal/loader/ModuleClassLoader'
  # parm0:    r8:r8     = 'java/lang/String'
  # parm1:    r9:r9     = '[B'
  # parm2:    rdi:rdi   = 'org/eclipse/osgi/internal/loader/classpath/ClasspathEntry'
  #           [sp+0xb0]  (sp of caller)
  0x00000282aa56a020: 448b 5208 | 49bb 0000 | 00be 8202 | 0000 4d03 | d34c 3bd0 

  0x00000282aa56a034: ;   {runtime_call ic_miss_stub}
  0x00000282aa56a034: 0f85 4644 | f706 660f | 1f44 0000 
[Verified Entry Point]
  0x00000282aa56a040: 8984 2400 | 80ff ff55 | 4881 eca0 | 0000 0090 | 4181 7f20 | 0200 0000 

  0x00000282aa56a058: ;   {runtime_call StubRoutines (final stubs)}
  0x00000282aa56a058: 7405 e881 

  0x00000282aa56a05c: ;   {metadata(method data for {method} {0x00000282805dfc40} 'defineClass' '(Ljava/lang/String;[BLorg/eclipse/osgi/internal/loader/classpath/ClasspathEntry;)Lorg/eclipse/osgi/internal/loader/ModuleClassLoader$DefineClassResult;' in 'org/eclipse/osgi/internal/loader/ModuleClassLoader')}
  0x00000282aa56a05c: e9f5 0648 | bef0 b4c9 | 8082 0200 | 008b 9ecc | 0000 0083 | c302 899e | cc00 0000 | 81e3 fe07 
  0x00000282aa56a07c: 0000 85db | 0f84 5304 | 0000 4889 | 7c24 704c | 894c 2468 

  0x00000282aa56a090: ;   {metadata(method data for {method} {0x00000282805dfc40} 'defineClass' '(Ljava/lang/String;[BLorg/eclipse/osgi/internal/loader/classpath/ClasspathEntry;)Lorg/eclipse/osgi/internal/loader/ModuleClassLoader$DefineClassResult;' in 'org/eclipse/osgi/internal/loader/ModuleClassLoader')}
  0x00000282aa56a090: 488b f248 | bbf0 b4c9 | 8082 0200 | 008b 7608 | 49ba 0000 | 00be 8202 | 0000 4903 | f248 3bb3 
  0x00000282aa56a0b0: 2001 0000 | 750d 4883 | 8328 0100 | 0001 e960 | 0000 0048 | 3bb3 3001 | 0000 750d | 4883 8338 
  0x00000282aa56a0d0: 0100 0001 | e94a 0000 | 0048 83bb | 2001 0000 | 0075 1748 | 89b3 2001 | 0000 48c7 | 8328 0100 
  0x00000282aa56a0f0: 0001 0000 | 00e9 2900 | 0000 4883 | bb30 0100 | 0000 7517 | 4889 b330 | 0100 0048 | c783 3801 
  0x00000282aa56a110: 0000 0100 | 0000 e908 | 0000 0048 | 8383 1001 

  0x00000282aa56a120: ;   {metadata(method data for {method} {0x0000028280624a88} 'getClassLoadingLock' '(Ljava/lang/String;)Ljava/lang/Object;' in 'org/eclipse/osgi/internal/loader/ModuleClassLoader')}
  0x00000282aa56a120: 0000 0148 | be68 3e86 | 8082 0200 | 008b 9ecc | 0000 0083 | c302 899e | cc00 0000 | 81e3 feff 
  0x00000282aa56a140: 1f00 85db | 0f84 b003 | 0000 8b72 | 5048 3b06 

  0x00000282aa56a150: ;   {metadata(method data for {method} {0x0000028280624a88} 'getClassLoadingLock' '(Ljava/lang/String;)Ljava/lang/Object;' in 'org/eclipse/osgi/internal/loader/ModuleClassLoader')}
  0x00000282aa56a150: 488b de48 | b868 3e86 | 8082 0200 | 0048 8380 | 1001 0000 | 0149 8bd8 | 4c8b c348 | 8954 2458 
  0x00000282aa56a170: 488b d648 | 895c 2460 | 0f1f 8000 

  0x00000282aa56a17c: ;   {optimized virtual_call}
  0x00000282aa56a17c: 0000 00e8 

  0x00000282aa56a180: ; ImmutableOopMap {[88]=Oop [96]=Oop [104]=Oop [112]=Oop }
                      ;*invokevirtual getLock {reexecute=0 rethrow=0 return_oop=0}
                      ; - org.eclipse.osgi.internal.loader.ModuleClassLoader::getClassLoadingLock@5 (line 437)
                      ; - org.eclipse.osgi.internal.loader.ModuleClassLoader::defineClass@8 (line 312)
  0x00000282aa56a180: fc73 1c00 

  0x00000282aa56a184: ;   {other}
  0x00000282aa56a184: 0f1f 8400 | 7403 0000 | 4889 4424 | 7848 8d94 | 2480 0000 | 0048 8bf0 | 4889 7208 

  0x00000282aa56a1a0: ; implicit exception: dispatches to 0x00000282aa56a520
  0x00000282aa56a1a0: 488b 0648 | 83c8 0148 | 8902 f048 | 0fb1 160f | 8412 0000 | 0048 2bc4 | 4825 07f0 | ffff 4889 
  0x00000282aa56a1c0: 020f 855e | 0300 0049 | ff87 5005 | 0000 488b 

  0x00000282aa56a1d0: ;   {metadata(method data for {method} {0x00000282805dfc40} 'defineClass' '(Ljava/lang/String;[BLorg/eclipse/osgi/internal/loader/classpath/ClasspathEntry;)Lorg/eclipse/osgi/internal/loader/ModuleClassLoader$DefineClassResult;' in 'org/eclipse/osgi/internal/loader/ModuleClassLoader')}
  0x00000282aa56a1d0: 5424 5848 | bef0 b4c9 | 8082 0200 | 0048 8386 | 4801 0000 

  0x00000282aa56a1e4: ;   {metadata(method data for {method} {0x00000282be4350c0} 'findLoadedClass' '(Ljava/lang/String;)Ljava/lang/Class;' in 'java/lang/ClassLoader')}
  0x00000282aa56a1e4: 0148 bac8 | 9f24 8082 | 0200 008b | b2cc 0000 | 0083 c602 | 89b2 cc00 | 0000 81e6 | feff 1f00 
  0x00000282aa56a204: 85f6 0f84 | 2c03 0000 

  0x00000282aa56a20c: ;   {metadata(method data for {method} {0x00000282be4350c0} 'findLoadedClass' '(Ljava/lang/String;)Ljava/lang/Class;' in 'java/lang/ClassLoader')}
  0x00000282aa56a20c: 48ba c89f | 2480 8202 | 0000 4883 | 8210 0100 | 0001 488b | 5424 600f 

  0x00000282aa56a224: ;   {static_call}
  0x00000282aa56a224: 1f40 00e8 

  0x00000282aa56a228: ; ImmutableOopMap {[88]=Oop [96]=Oop [104]=Oop [112]=Oop [120]=Oop [136]=Oop }
                      ;*invokestatic checkName {reexecute=0 rethrow=0 return_oop=0}
                      ; - java.lang.ClassLoader::findLoadedClass@1
                      ; - org.eclipse.osgi.internal.loader.ModuleClassLoader::defineClass@17 (line 313)
  0x00000282aa56a228: 34cb 5e07 

  0x00000282aa56a22c: ;   {other}
  0x00000282aa56a22c: 0f1f 8400 | 1c04 0001 

  0x00000282aa56a234: ;   {metadata(method data for {method} {0x00000282be4350c0} 'findLoadedClass' '(Ljava/lang/String;)Ljava/lang/Class;' in 'java/lang/ClassLoader')}
  0x00000282aa56a234: 85c0 49b8 | c89f 2480 | 8202 0000 | 48c7 c220 | 0100 0075 | 0748 c7c2 | 3001 0000 | 498b 3410 
  0x00000282aa56a254: 488d 7601 | 4989 3410 | 0f85 0f00 

  0x00000282aa56a260: ;   {oop(nullptr)}
  0x00000282aa56a260: 0000 48be | 0000 0000 | 0000 0000 | e936 0000 | 0048 8b54 

  0x00000282aa56a274: ;   {metadata(method data for {method} {0x00000282be4350c0} 'findLoadedClass' '(Ljava/lang/String;)Ljava/lang/Class;' in 'java/lang/ClassLoader')}
  0x00000282aa56a274: 2458 49b8 | c89f 2480 | 8202 0000 | 4983 8040 | 0100 0001 | 4c8b 4424 | 6048 8b54 | 2458 0f1f 
  0x00000282aa56a294: ;   {optimized virtual_call}
  0x00000282aa56a294: 4400 00e8 

  0x00000282aa56a298: ; ImmutableOopMap {[88]=Oop [96]=Oop [104]=Oop [112]=Oop [120]=Oop [136]=Oop }
                      ;*invokevirtual findLoadedClass0 {reexecute=0 rethrow=0 return_oop=0}
                      ; - java.lang.ClassLoader::findLoadedClass@11
                      ; - org.eclipse.osgi.internal.loader.ModuleClassLoader::defineClass@17 (line 313)
  0x00000282aa56a298: a4a2 4e07 

  0x00000282aa56a29c: ;   {other}
  0x00000282aa56a29c: 0f1f 8400 | 8c04 0002 | 488b f048 

  0x00000282aa56a2a8: ;   {metadata(method data for {method} {0x00000282805dfc40} 'defineClass' '(Ljava/lang/String;[BLorg/eclipse/osgi/internal/loader/classpath/ClasspathEntry;)Lorg/eclipse/osgi/internal/loader/ModuleClassLoader$DefineClassResult;' in 'org/eclipse/osgi/internal/loader/ModuleClassLoader')}
  0x00000282aa56a2a8: 85f6 49b8 | f0b4 c980 | 8202 0000 | 49c7 c190 | 0100 0074 | 0749 c7c1 | 8001 0000 | 4b8b 3c08 
  0x00000282aa56a2c8: 488d 7f01 | 4b89 3c08 | 0f84 0e00 | 0000 488b | de41 b800 | 0000 00e9 | 6900 0000 | 488b 7c24 
  0x00000282aa56a2e8: 704c 8b4c | 2468 4c8b | 4424 6048 | 8b54 2458 

  0x00000282aa56a2f8: ; implicit exception: dispatches to 0x00000282aa56a559
  0x00000282aa56a2f8: 418b 710c 

  0x00000282aa56a2fc: ; implicit exception: dispatches to 0x00000282aa56a55e
  0x00000282aa56a2fc: 483b 0748 

  0x00000282aa56a300: ;   {metadata(method data for {method} {0x00000282805dfc40} 'defineClass' '(Ljava/lang/String;[BLorg/eclipse/osgi/internal/loader/classpath/ClasspathEntry;)Lorg/eclipse/osgi/internal/loader/ModuleClassLoader$DefineClassResult;' in 'org/eclipse/osgi/internal/loader/ModuleClassLoader')}
  0x00000282aa56a300: 8bcf 48bb | f0b4 c980 | 8202 0000 | 4883 83b8 | 0100 0001 | 8b4f 1048 

  0x00000282aa56a318: ;   {metadata(method data for {method} {0x00000282805dfc40} 'defineClass' '(Ljava/lang/String;[BLorg/eclipse/osgi/internal/loader/classpath/ClasspathEntry;)Lorg/eclipse/osgi/internal/loader/ModuleClassLoader$DefineClassResult;' in 'org/eclipse/osgi/internal/loader/ModuleClassLoader')}
  0x00000282aa56a318: 8bfa 48bb | f0b4 c980 | 8202 0000 | 4883 83d8 | 0100 0001 | bf00 0000 | 0066 0f1f 

  0x00000282aa56a334: ;   {optimized virtual_call}
  0x00000282aa56a334: 4400 00e8 

  0x00000282aa56a338: ; ImmutableOopMap {[120]=Oop [136]=Oop }
                      ;*invokevirtual defineClass {reexecute=0 rethrow=0 return_oop=0}
                      ; - org.eclipse.osgi.internal.loader.ModuleClassLoader::defineClass@37 (line 315)
  0x00000282aa56a338: 8430 d6ff 

  0x00000282aa56a33c: ;   {other}
  0x00000282aa56a33c: 0f1f 8400 | 2c05 0003 | 488b d841 | b801 0000 | 0048 8d84 | 2480 0000 | 0048 8b10 | 4885 d20f 
  0x00000282aa56a35c: 840f 0000 | 0048 8b70 | 08f0 480f | b116 0f85 | f301 0000 | 49ff 8f50 

  0x00000282aa56a374: ;   {metadata(method data for {method} {0x00000282805dfc40} 'defineClass' '(Ljava/lang/String;[BLorg/eclipse/osgi/internal/loader/classpath/ClasspathEntry;)Lorg/eclipse/osgi/internal/loader/ModuleClassLoader$DefineClassResult;' in 'org/eclipse/osgi/internal/loader/ModuleClassLoader')}
  0x00000282aa56a374: 0500 0048 | baf0 b4c9 | 8082 0200 | 00ff 8210 

  0x00000282aa56a384: ;   {metadata('org/eclipse/osgi/internal/loader/ModuleClassLoader$DefineClassResult')}
  0x00000282aa56a384: 0200 0048 | ba10 6212 | bf82 0200 | 0049 8b87 | b801 0000 | 488d 7818 | 493b bfc8 | 0100 000f 
  0x00000282aa56a3a4: 87d0 0100 | 0049 89bf | b801 0000 | 48c7 0001 | 0000 0048 | 8bca 49ba | 0000 00be | 8202 0000 
  0x00000282aa56a3c4: 492b ca89 | 4808 4833 | c989 480c | 4833 c948 | 8948 1048 

  0x00000282aa56a3d8: ;   {metadata(method data for {method} {0x00000282805dfc40} 'defineClass' '(Ljava/lang/String;[BLorg/eclipse/osgi/internal/loader/classpath/ClasspathEntry;)Lorg/eclipse/osgi/internal/loader/ModuleClassLoader$DefineClassResult;' in 'org/eclipse/osgi/internal/loader/ModuleClassLoader')}
  0x00000282aa56a3d8: 8bf0 48bf | f0b4 c980 | 8202 0000 | 4883 8728 | 0200 0001 

  0x00000282aa56a3ec: ;   {metadata(method data for {method} {0x000002828078df38} '<init>' '(Ljava/lang/Class;Z)V' in 'org/eclipse/osgi/internal/loader/ModuleClassLoader$DefineClassResult')}
  0x00000282aa56a3ec: 48be 70c7 | ab80 8202 | 0000 8bbe | cc00 0000 | 83c7 0289 | becc 0000 | 0081 e7fe | ff1f 0085 
  0x00000282aa56a40c: ff0f 8473 | 0100 0048 

  0x00000282aa56a414: ;   {metadata(method data for {method} {0x000002828078df38} '<init>' '(Ljava/lang/Class;Z)V' in 'org/eclipse/osgi/internal/loader/ModuleClassLoader$DefineClassResult')}
  0x00000282aa56a414: 8bf0 48bf | 70c7 ab80 | 8202 0000 | 4883 8710 | 0100 0001 

  0x00000282aa56a428: ;   {metadata(method data for {method} {0x00000282be474aa8} '<init>' '()V' in 'java/lang/Object')}
  0x00000282aa56a428: 48be 9067 | 0080 8202 | 0000 8bbe | cc00 0000 | 83c7 0289 | becc 0000 | 0081 e7fe | ff1f 0085 
  0x00000282aa56a448: ff0f 8458 | 0100 004c | 8bd3 4489 | 5010 488d | 3048 c1ee | 0948 bf00 | 0030 a682 | 0200 00c6 
  0x00000282aa56a468: 043e 0041 | 83e0 0144 | 8840 0c48 | 81c4 a000 

  0x00000282aa56a478: ;   {poll_return}
  0x00000282aa56a478: 0000 5d49 | 3ba7 5004 | 0000 0f87 | 4001 0000 | c349 8b87 | 0005 0000 | 4d33 d24d | 8997 0005 
  0x00000282aa56a498: 0000 4d33 | d24d 8997 | 0805 0000 | 488b f048 | 8d84 2480 | 0000 0048 | 8b38 4885 | ff0f 840f 
  0x00000282aa56a4b8: 0000 0048 | 8b58 08f0 | 480f b13b | 0f85 1401 | 0000 49ff | 8f50 0500 | 0048 8bc6 | e938 0100 
  0x00000282aa56a4d8: ;   {metadata({method} {0x00000282805dfc40} 'defineClass' '(Ljava/lang/String;[BLorg/eclipse/osgi/internal/loader/classpath/ClasspathEntry;)Lorg/eclipse/osgi/internal/loader/ModuleClassLoader$DefineClassResult;' in 'org/eclipse/osgi/internal/loader/ModuleClassLoader')}
  0x00000282aa56a4d8: 0049 ba38 | fc5d 8082 | 0200 004c | 8954 2408 | 48c7 0424 | ffff ffff 

  0x00000282aa56a4f0: ;   {runtime_call counter_overflow Runtime1 stub}
  0x00000282aa56a4f0: e80b b802 

  0x00000282aa56a4f4: ; ImmutableOopMap {rdx=Oop r8=Oop r9=Oop rdi=Oop }
                      ;*synchronization entry
                      ; - org.eclipse.osgi.internal.loader.ModuleClassLoader::defineClass@-1 (line 310)
  0x00000282aa56a4f4: 07e9 8cfb 

  0x00000282aa56a4f8: ;   {metadata({method} {0x0000028280624a88} 'getClassLoadingLock' '(Ljava/lang/String;)Ljava/lang/Object;' in 'org/eclipse/osgi/internal/loader/ModuleClassLoader')}
  0x00000282aa56a4f8: ffff 49ba | 804a 6280 | 8202 0000 | 4c89 5424 | 0848 c704 | 24ff ffff 

  0x00000282aa56a510: ;   {runtime_call counter_overflow Runtime1 stub}
  0x00000282aa56a510: ffe8 eab7 

  0x00000282aa56a514: ; ImmutableOopMap {rdx=Oop r8=Oop [104]=Oop [112]=Oop }
                      ;*synchronization entry
                      ; - org.eclipse.osgi.internal.loader.ModuleClassLoader::getClassLoadingLock@-1 (line 437)
                      ; - org.eclipse.osgi.internal.loader.ModuleClassLoader::defineClass@8 (line 312)
  0x00000282aa56a514: 0207 e92f 

  0x00000282aa56a518: ;   {runtime_call throw_null_pointer_exception Runtime1 stub}
  0x00000282aa56a518: fcff ffe8 

  0x00000282aa56a51c: ; ImmutableOopMap {rdx=Oop r8=Oop rsi=Oop [104]=Oop [112]=Oop }
                      ;*invokevirtual getLock {reexecute=0 rethrow=0 return_oop=0}
                      ; - org.eclipse.osgi.internal.loader.ModuleClassLoader::getClassLoadingLock@5 (line 437)
                      ; - org.eclipse.osgi.internal.loader.ModuleClassLoader::defineClass@8 (line 312)
  0x00000282aa56a51c: e066 0207 

  0x00000282aa56a520: ;   {runtime_call throw_null_pointer_exception Runtime1 stub}
  0x00000282aa56a520: e8db 6602 

  0x00000282aa56a524: ; ImmutableOopMap {rsi=Oop [88]=Oop [96]=Oop [104]=Oop [112]=Oop [120]=Oop }
                      ;*monitorenter {reexecute=0 rethrow=0 return_oop=0}
                      ; - org.eclipse.osgi.internal.loader.ModuleClassLoader::defineClass@14 (line 312)
  0x00000282aa56a524: 0748 8974 | 2408 4889 

  0x00000282aa56a52c: ;   {runtime_call monitorenter_nofpu Runtime1 stub}
  0x00000282aa56a52c: 1424 e8cd 

  0x00000282aa56a530: ; ImmutableOopMap {rsi=Oop [88]=Oop [96]=Oop [104]=Oop [112]=Oop [120]=Oop [136]=Oop }
                      ;*monitorenter {reexecute=0 rethrow=0 return_oop=0}
                      ; - org.eclipse.osgi.internal.loader.ModuleClassLoader::defineClass@14 (line 312)
  0x00000282aa56a530: 9602 07e9 | 96fc ffff 

  0x00000282aa56a538: ;   {metadata({method} {0x00000282be4350c0} 'findLoadedClass' '(Ljava/lang/String;)Ljava/lang/Class;' in 'java/lang/ClassLoader')}
  0x00000282aa56a538: 49ba b850 | 43be 8202 | 0000 4c89 | 5424 0848 | c704 24ff 

  0x00000282aa56a54c: ;   {runtime_call counter_overflow Runtime1 stub}
  0x00000282aa56a54c: ffff ffe8 

  0x00000282aa56a550: ; ImmutableOopMap {[88]=Oop [96]=Oop [104]=Oop [112]=Oop [120]=Oop [136]=Oop }
                      ;*synchronization entry
                      ; - java.lang.ClassLoader::findLoadedClass@-1
                      ; - org.eclipse.osgi.internal.loader.ModuleClassLoader::defineClass@17 (line 313)
  0x00000282aa56a550: acb7 0207 | e9b3 fcff 

  0x00000282aa56a558: ;   {runtime_call throw_null_pointer_exception Runtime1 stub}
  0x00000282aa56a558: ffe8 a266 

  0x00000282aa56a55c: ; ImmutableOopMap {rdx=Oop r8=Oop r9=Oop rdi=Oop [120]=Oop [136]=Oop }
                      ;*arraylength {reexecute=0 rethrow=0 return_oop=0}
                      ; - org.eclipse.osgi.internal.loader.ModuleClassLoader::defineClass@32 (line 315)
                      ;   {runtime_call throw_null_pointer_exception Runtime1 stub}
  0x00000282aa56a55c: 0207 e89d 

  0x00000282aa56a560: ; ImmutableOopMap {rdx=Oop r8=Oop r9=Oop rdi=Oop [120]=Oop [136]=Oop }
                      ;*invokevirtual getDomain {reexecute=0 rethrow=0 return_oop=0}
                      ; - org.eclipse.osgi.internal.loader.ModuleClassLoader::defineClass@34 (line 315)
  0x00000282aa56a560: 6602 0748 | 8d84 2480 | 0000 0048 

  0x00000282aa56a56c: ;   {runtime_call monitorexit_nofpu Runtime1 stub}
  0x00000282aa56a56c: 8904 24e8 | 8c9c 0207 | e9fe fdff | ff48 8bd2 

  0x00000282aa56a57c: ;   {runtime_call fast_new_instance Runtime1 stub}
  0x00000282aa56a57c: e87f 6f02 

  0x00000282aa56a580: ; ImmutableOopMap {rbx=Oop }
                      ;*new {reexecute=0 rethrow=0 return_oop=0}
                      ; - org.eclipse.osgi.internal.loader.ModuleClassLoader::defineClass@55 (line 319)
  0x00000282aa56a580: 07e9 51fe 

  0x00000282aa56a584: ;   {metadata({method} {0x000002828078df38} '<init>' '(Ljava/lang/Class;Z)V' in 'org/eclipse/osgi/internal/loader/ModuleClassLoader$DefineClassResult')}
  0x00000282aa56a584: ffff 49ba | 30df 7880 | 8202 0000 | 4c89 5424 | 0848 c704 | 24ff ffff 

  0x00000282aa56a59c: ;   {runtime_call counter_overflow Runtime1 stub}
  0x00000282aa56a59c: ffe8 5eb7 

  0x00000282aa56a5a0: ; ImmutableOopMap {rbx=Oop rax=Oop }
                      ;*synchronization entry
                      ; - org.eclipse.osgi.internal.loader.ModuleClassLoader$DefineClassResult::<init>@-1 (line 96)
                      ; - org.eclipse.osgi.internal.loader.ModuleClassLoader::defineClass@63 (line 319)
  0x00000282aa56a5a0: 0207 e96c 

  0x00000282aa56a5a4: ;   {metadata({method} {0x00000282be474aa8} '<init>' '()V' in 'java/lang/Object')}
  0x00000282aa56a5a4: feff ff49 | baa0 4a47 | be82 0200 | 004c 8954 | 2408 48c7 | 0424 ffff 

  0x00000282aa56a5bc: ;   {runtime_call counter_overflow Runtime1 stub}
  0x00000282aa56a5bc: ffff e83d 

  0x00000282aa56a5c0: ; ImmutableOopMap {rbx=Oop rax=Oop }
                      ;*synchronization entry
                      ; - java.lang.Object::<init>@-1
                      ; - org.eclipse.osgi.internal.loader.ModuleClassLoader$DefineClassResult::<init>@1 (line 96)
                      ; - org.eclipse.osgi.internal.loader.ModuleClassLoader::defineClass@63 (line 319)
  0x00000282aa56a5c0: b702 07e9 | 87fe ffff 

  0x00000282aa56a5c8: ;   {internal_word}
  0x00000282aa56a5c8: 49ba 7ba4 | 56aa 8202 | 0000 4d89 | 9768 0400 

  0x00000282aa56a5d8: ;   {runtime_call SafepointBlob}
  0x00000282aa56a5d8: 00e9 22a5 | f706 488d | 8424 8000 | 0000 4889 

  0x00000282aa56a5e8: ;   {runtime_call monitorexit_nofpu Runtime1 stub}
  0x00000282aa56a5e8: 0424 e811 | 9c02 07e9 | ddfe ffff | 498b 8700 | 0500 0049 | c787 0005 | 0000 0000 | 0000 49c7 
  0x00000282aa56a608: 8708 0500 | 0000 0000 | 0048 81c4 | a000 0000 

  0x00000282aa56a618: ;   {runtime_call unwind_exception Runtime1 stub}
  0x00000282aa56a618: 5de9 e256 | 0207 f4f4 
[Stub Code]
  0x00000282aa56a620: ;   {no_reloc}
  0x00000282aa56a620: 48bb 7872 | 6880 8202 

  0x00000282aa56a628: ;   {runtime_call I2C/C2I adapters}
  0x00000282aa56a628: 0000 e938 

  0x00000282aa56a62c: ;   {static_stub}
  0x00000282aa56a62c: 91f7 0648 | bb00 0000 | 0000 0000 

  0x00000282aa56a638: ;   {runtime_call nmethod}
  0x00000282aa56a638: 00e9 fbff 

  0x00000282aa56a63c: ;   {static_stub}
  0x00000282aa56a63c: ffff 48bb | 0000 0000 | 0000 0000 

  0x00000282aa56a648: ;   {runtime_call nmethod}
  0x00000282aa56a648: e9fb ffff 

  0x00000282aa56a64c: ;   {static_stub}
  0x00000282aa56a64c: ff48 bb00 | 0000 0000 

  0x00000282aa56a654: ;   {runtime_call nmethod}
  0x00000282aa56a654: 0000 00e9 | fbff ffff 
[Exception Handler]
  0x00000282aa56a65c: ;   {runtime_call handle_exception_from_callee Runtime1 stub}
  0x00000282aa56a65c: e89f 8302 

  0x00000282aa56a660: ;   {external_word}
  0x00000282aa56a660: 0748 b950 | 63d8 c7f8 | 7f00 0048 

  0x00000282aa56a66c: ;   {runtime_call}
  0x00000282aa56a66c: 83e4 f048 | b8c0 c99a | c7f8 7f00 | 00ff d0f4 
[Deopt Handler Code]
  0x00000282aa56a67c: ;   {section_word}
  0x00000282aa56a67c: 49ba 7ca6 | 56aa 8202 | 0000 4152 

  0x00000282aa56a688: ;   {runtime_call DeoptimizationBlob}
  0x00000282aa56a688: e913 97f7 | 06f4 f4f4 
[/MachCode]


---------------  P R O C E S S  ---------------

Threads class SMR info:
_java_thread_list=0x00000282fff0a5c0, length=21, elements={
0x00000282a6d5d4d0, 0x00000282a6e1d6a0, 0x00000282a6c51af0, 0x00000282a6c54e70,
0x00000282a6c558d0, 0x00000282a6c56330, 0x00000282a6c56d90, 0x00000282a6c59be0,
0x00000282a6c8e470, 0x00000282ff516410, 0x00000282ff951260, 0x00000282ff78b460,
0x00000282ffc44a50, 0x00000282ffd4e4a0, 0x00000282ffd4fc60, 0x00000282ffb4b450,
0x000002828456e980, 0x0000028284723420, 0x00000282848b8910, 0x00000282848b9630,
0x00000282848b9cc0
}

Java Threads: ( => current thread )
  0x00000282a6d5d4d0 JavaThread "main"                              [_thread_blocked, id=10560, stack(0x0000009939100000,0x0000009939200000) (1024K)]
  0x00000282a6e1d6a0 JavaThread "Reference Handler"          daemon [_thread_blocked, id=7916, stack(0x0000009939500000,0x0000009939600000) (1024K)]
  0x00000282a6c51af0 JavaThread "Finalizer"                  daemon [_thread_blocked, id=6556, stack(0x0000009939600000,0x0000009939700000) (1024K)]
  0x00000282a6c54e70 JavaThread "Signal Dispatcher"          daemon [_thread_blocked, id=18344, stack(0x0000009939700000,0x0000009939800000) (1024K)]
  0x00000282a6c558d0 JavaThread "Attach Listener"            daemon [_thread_blocked, id=10412, stack(0x0000009939800000,0x0000009939900000) (1024K)]
  0x00000282a6c56330 JavaThread "Service Thread"             daemon [_thread_blocked, id=4000, stack(0x0000009939900000,0x0000009939a00000) (1024K)]
  0x00000282a6c56d90 JavaThread "Monitor Deflation Thread"   daemon [_thread_blocked, id=6316, stack(0x0000009939a00000,0x0000009939b00000) (1024K)]
  0x00000282a6c59be0 JavaThread "C2 CompilerThread0"         daemon [_thread_blocked, id=17460, stack(0x0000009939b00000,0x0000009939c00000) (1024K)]
  0x00000282a6c8e470 JavaThread "C1 CompilerThread0"         daemon [_thread_blocked, id=6424, stack(0x0000009939c00000,0x0000009939d00000) (1024K)]
  0x00000282ff516410 JavaThread "Common-Cleaner"             daemon [_thread_blocked, id=4332, stack(0x0000009939d00000,0x0000009939e00000) (1024K)]
  0x00000282ff951260 JavaThread "Notification Thread"        daemon [_thread_blocked, id=2432, stack(0x0000009939e00000,0x0000009939f00000) (1024K)]
  0x00000282ff78b460 JavaThread "Active Thread: Equinox Container: dc63df24-a312-4ece-bc77-d75956697a3e"        [_thread_blocked, id=6888, stack(0x000000993a200000,0x000000993a300000) (1024K)]
  0x00000282ffc44a50 JavaThread "Refresh Thread: Equinox Container: dc63df24-a312-4ece-bc77-d75956697a3e" daemon [_thread_blocked, id=11308, stack(0x000000993a300000,0x000000993a400000) (1024K)]
  0x00000282ffd4e4a0 JavaThread "Framework Event Dispatcher: Equinox Container: dc63df24-a312-4ece-bc77-d75956697a3e" daemon [_thread_blocked, id=1204, stack(0x000000993a400000,0x000000993a500000) (1024K)]
=>0x00000282ffd4fc60 JavaThread "Start Level: Equinox Container: dc63df24-a312-4ece-bc77-d75956697a3e" daemon [_thread_in_vm, id=12176, stack(0x000000993a500000,0x000000993a600000) (1024K)]
  0x00000282ffb4b450 JavaThread "Bundle File Closer"         daemon [_thread_blocked, id=18716, stack(0x000000993a600000,0x000000993a700000) (1024K)]
  0x000002828456e980 JavaThread "SCR Component Actor"        daemon [_thread_blocked, id=7800, stack(0x000000993a700000,0x000000993a800000) (1024K)]
  0x0000028284723420 JavaThread "Worker-JM"                         [_thread_blocked, id=16512, stack(0x000000993a800000,0x000000993a900000) (1024K)]
  0x00000282848b8910 JavaThread "JNA Cleaner"                daemon [_thread_blocked, id=15664, stack(0x000000993a900000,0x000000993aa00000) (1024K)]
  0x00000282848b9630 JavaThread "Worker-0"                          [_thread_blocked, id=7804, stack(0x000000993aa00000,0x000000993ab00000) (1024K)]
  0x00000282848b9cc0 JavaThread "Worker-1"                          [_thread_blocked, id=19152, stack(0x000000993ab00000,0x000000993ac00000) (1024K)]
Total: 21

Other Threads:
  0x00000282a6e01c20 VMThread "VM Thread"                           [id=11256, stack(0x0000009939400000,0x0000009939500000) (1024K)] _threads_hazard_ptr=0x00000282fff0a5c0
  0x00000282a6beca00 WatcherThread "VM Periodic Task Thread"        [id=4808, stack(0x0000009939300000,0x0000009939400000) (1024K)]
  0x00000282a6d7d890 WorkerThread "GC Thread#0"                     [id=2348, stack(0x0000009939200000,0x0000009939300000) (1024K)]
  0x00000282ff8ee190 WorkerThread "GC Thread#1"                     [id=11844, stack(0x0000009939f00000,0x000000993a000000) (1024K)]
  0x00000282ff8edde0 WorkerThread "GC Thread#2"                     [id=14076, stack(0x000000993a000000,0x000000993a100000) (1024K)]
  0x00000282ff8ee540 WorkerThread "GC Thread#3"                     [id=2464, stack(0x000000993a100000,0x000000993a200000) (1024K)]
Total: 6

Threads with active compile tasks:
Total: 0

VM state: synchronizing (normal execution)

VM Mutex/Monitor currently owned by a thread:  ([mutex/lock_event])
[0x00007ff8c803d530] Metaspace_lock - owner thread: 0x00000282ffd4fc60
[0x00007ff8c803f5b0] Threads_lock - owner thread: 0x00000282a6e01c20

Heap address: 0x0000000080000000, size: 2048 MB, Compressed Oops mode: 32-bit

CDS archive(s) mapped at: [0x00000282be000000-0x00000282beba0000-0x00000282beba0000), size 12189696, SharedBaseAddress: 0x00000282be000000, ArchiveRelocationMode: 1.
Compressed class space mapped at: 0x00000282bf000000-0x00000282ff000000, reserved size: 1073741824
Narrow klass base: 0x00000282be000000, Narrow klass shift: 0, Narrow klass range: 0x100000000

GC Precious Log:
 CardTable entry size: 512
 CPUs: 4 total, 4 available
 Memory: 3470M
 Large Page Support: Disabled
 NUMA Support: Disabled
 Compressed Oops: Enabled (32-bit)
 Alignments: Space 512K, Generation 512K, Heap 2M
 Heap Min Capacity: 100M
 Heap Initial Capacity: 100M
 Heap Max Capacity: 2G
 Pre-touch: Disabled
 Parallel Workers: 4

Heap:
 PSYoungGen      total 29184K, used 12086K [0x00000000d5580000, 0x00000000d7680000, 0x0000000100000000)
  eden space 24576K, 49% used [0x00000000d5580000,0x00000000d614d900,0x00000000d6d80000)
  from space 4608K, 0% used [0x00000000d6e80000,0x00000000d6e80000,0x00000000d7300000)
  to   space 3584K, 0% used [0x00000000d7300000,0x00000000d7300000,0x00000000d7680000)
 ParOldGen       total 68608K, used 12998K [0x0000000080000000, 0x0000000084300000, 0x00000000d5580000)
  object space 68608K, 18% used [0x0000000080000000,0x0000000080cb1b98,0x0000000084300000)
 Metaspace       used 22188K, committed 23040K, reserved 1114112K
  class space    used 2347K, committed 2688K, reserved 1048576K

Card table byte_map: [0x00000282a6700000,0x00000282a6b10000] _byte_map_base: 0x00000282a6300000

Marking Bits: (ParMarkBitMap*) 0x00007ff8c80444a0
 Begin Bits: [0x00000282b9210000, 0x00000282bb210000)
 End Bits:   [0x00000282bb210000, 0x00000282bd210000)

Polling page: 0x00000282a4dd0000

Metaspace:

Usage:
  Non-class:     19.38 MB used.
      Class:      2.29 MB used.
       Both:     21.67 MB used.

Virtual space:
  Non-class space:       64.00 MB reserved,      19.88 MB ( 31%) committed,  1 nodes.
      Class space:        1.00 GB reserved,       2.62 MB ( <1%) committed,  1 nodes.
             Both:        1.06 GB reserved,      22.50 MB (  2%) committed. 

Chunk freelists:
   Non-Class:  11.30 MB
       Class:  13.26 MB
        Both:  24.56 MB

MaxMetaspaceSize: unlimited
CompressedClassSpaceSize: 1.00 GB
Initial GC threshold: 21.00 MB
Current GC threshold: 35.00 MB
CDS: on
 - commit_granule_bytes: 65536.
 - commit_granule_words: 8192.
 - virtual_space_node_default_size: 8388608.
 - enlarge_chunks_in_place: 1.
 - use_allocation_guard: 0.


Internal statistics:

num_allocs_failed_limit: 3.
num_arena_births: 816.
num_arena_deaths: 14.
num_vsnodes_births: 2.
num_vsnodes_deaths: 0.
num_space_committed: 360.
num_space_uncommitted: 0.
num_chunks_returned_to_freelist: 17.
num_chunks_taken_from_freelist: 1752.
num_chunk_merges: 9.
num_chunk_splits: 1098.
num_chunks_enlarged: 628.
num_inconsistent_stats: 0.

CodeHeap 'non-profiled nmethods': size=120000Kb used=1687Kb max_used=1687Kb free=118312Kb
 bounds [0x00000282b1a30000, 0x00000282b1ca0000, 0x00000282b8f60000]
CodeHeap 'profiled nmethods': size=120000Kb used=8125Kb max_used=8125Kb free=111874Kb
 bounds [0x00000282a9f60000, 0x00000282aa750000, 0x00000282b1490000]
CodeHeap 'non-nmethods': size=5760Kb used=1291Kb max_used=1316Kb free=4468Kb
 bounds [0x00000282b1490000, 0x00000282b1700000, 0x00000282b1a30000]
CodeCache: size=245760Kb, used=11103Kb, max_used=11128Kb, free=234654Kb
 total_blobs=4537, nmethods=3963, adapters=480, full_count=0
Compilation: enabled, stopped_count=0, restarted_count=0

Compilation events (20 events):
Event: 21.291 Thread 0x00000282a6c8e470 3956       3       org.lombokweb.asm.ByteVector::<init> (13 bytes)
Event: 21.292 Thread 0x00000282a6c8e470 nmethod 3956 0x00000282aa745590 code [0x00000282aa745740, 0x00000282aa745960]
Event: 21.292 Thread 0x00000282a6c8e470 3957       3       org.lombokweb.asm.ClassReader::readMethod (1070 bytes)
Event: 21.293 Thread 0x00000282a6c59be0 3960       4       org.lombokweb.asm.ClassReader::readInt (52 bytes)
Event: 21.294 Thread 0x00000282a6c59be0 nmethod 3960 0x00000282b1bd5410 code [0x00000282b1bd55a0, 0x00000282b1bd56c0]
Event: 21.294 Thread 0x00000282a6c59be0 3961       4       org.lombokweb.asm.Symbol::<init> (38 bytes)
Event: 21.295 Thread 0x00000282a6c59be0 nmethod 3961 0x00000282b1bd5790 code [0x00000282b1bd5920, 0x00000282b1bd59e0]
Event: 21.295 Thread 0x00000282a6c59be0 3962       4       org.lombokweb.asm.SymbolTable::add (39 bytes)
Event: 21.297 Thread 0x00000282a6c59be0 nmethod 3962 0x00000282b1bd5a90 code [0x00000282b1bd5c20, 0x00000282b1bd5d70]
Event: 21.299 Thread 0x00000282a6c8e470 nmethod 3957 0x00000282aa745a10 code [0x00000282aa746180, 0x00000282aa74a620]
Event: 21.299 Thread 0x00000282a6c8e470 3964       3       org.lombokweb.asm.MethodWriter::<init> (232 bytes)
Event: 21.301 Thread 0x00000282a6c8e470 nmethod 3964 0x00000282aa74c210 code [0x00000282aa74c4a0, 0x00000282aa74cff8]
Event: 21.301 Thread 0x00000282a6c8e470 3963       3       org.lombokweb.asm.MethodWriter::canCopyMethodAttributes (163 bytes)
Event: 21.302 Thread 0x00000282a6c8e470 nmethod 3963 0x00000282aa74d510 code [0x00000282aa74d720, 0x00000282aa74dd40]
Event: 21.302 Thread 0x00000282a6c8e470 3958       3       org.lombokweb.asm.MethodVisitor::<init> (79 bytes)
Event: 21.302 Thread 0x00000282a6c8e470 nmethod 3958 0x00000282aa74df90 code [0x00000282aa74e1e0, 0x00000282aa74ea90]
Event: 21.302 Thread 0x00000282a6c8e470 3959       3       org.lombokweb.asm.ClassWriter::visitMethod (57 bytes)
Event: 21.303 Thread 0x00000282a6c8e470 nmethod 3959 0x00000282aa74ed90 code [0x00000282aa74ef40, 0x00000282aa74f1d8]
Event: 21.303 Thread 0x00000282a6c8e470 3965       3       org.lombokweb.asm.MethodVisitor::<init> (7 bytes)
Event: 21.303 Thread 0x00000282a6c8e470 nmethod 3965 0x00000282aa74f310 code [0x00000282aa74f4c0, 0x00000282aa74f608]

GC Heap History (16 events):
Event: 5.159 GC heap before
{Heap before GC invocations=1 (full 0):
 PSYoungGen      total 29696K, used 25600K [0x00000000d5580000, 0x00000000d7680000, 0x0000000100000000)
  eden space 25600K, 100% used [0x00000000d5580000,0x00000000d6e80000,0x00000000d6e80000)
  from space 4096K, 0% used [0x00000000d7280000,0x00000000d7280000,0x00000000d7680000)
  to   space 4096K, 0% used [0x00000000d6e80000,0x00000000d6e80000,0x00000000d7280000)
 ParOldGen       total 68608K, used 0K [0x0000000080000000, 0x0000000084300000, 0x00000000d5580000)
  object space 68608K, 0% used [0x0000000080000000,0x0000000080000000,0x0000000084300000)
 Metaspace       used 4340K, committed 4544K, reserved 1114112K
  class space    used 474K, committed 576K, reserved 1048576K
}
Event: 5.173 GC heap after
{Heap after GC invocations=1 (full 0):
 PSYoungGen      total 29696K, used 3312K [0x00000000d5580000, 0x00000000d7680000, 0x0000000100000000)
  eden space 25600K, 0% used [0x00000000d5580000,0x00000000d5580000,0x00000000d6e80000)
  from space 4096K, 80% used [0x00000000d6e80000,0x00000000d71bc148,0x00000000d7280000)
  to   space 4096K, 0% used [0x00000000d7280000,0x00000000d7280000,0x00000000d7680000)
 ParOldGen       total 68608K, used 0K [0x0000000080000000, 0x0000000084300000, 0x00000000d5580000)
  object space 68608K, 0% used [0x0000000080000000,0x0000000080000000,0x0000000084300000)
 Metaspace       used 4340K, committed 4544K, reserved 1114112K
  class space    used 474K, committed 576K, reserved 1048576K
}
Event: 8.059 GC heap before
{Heap before GC invocations=2 (full 0):
 PSYoungGen      total 29696K, used 28912K [0x00000000d5580000, 0x00000000d7680000, 0x0000000100000000)
  eden space 25600K, 100% used [0x00000000d5580000,0x00000000d6e80000,0x00000000d6e80000)
  from space 4096K, 80% used [0x00000000d6e80000,0x00000000d71bc148,0x00000000d7280000)
  to   space 4096K, 0% used [0x00000000d7280000,0x00000000d7280000,0x00000000d7680000)
 ParOldGen       total 68608K, used 0K [0x0000000080000000, 0x0000000084300000, 0x00000000d5580000)
  object space 68608K, 0% used [0x0000000080000000,0x0000000080000000,0x0000000084300000)
 Metaspace       used 8032K, committed 8320K, reserved 1114112K
  class space    used 831K, committed 960K, reserved 1048576K
}
Event: 8.069 GC heap after
{Heap after GC invocations=2 (full 0):
 PSYoungGen      total 29696K, used 4080K [0x00000000d5580000, 0x00000000d7680000, 0x0000000100000000)
  eden space 25600K, 0% used [0x00000000d5580000,0x00000000d5580000,0x00000000d6e80000)
  from space 4096K, 99% used [0x00000000d7280000,0x00000000d767c148,0x00000000d7680000)
  to   space 4096K, 0% used [0x00000000d6e80000,0x00000000d6e80000,0x00000000d7280000)
 ParOldGen       total 68608K, used 1969K [0x0000000080000000, 0x0000000084300000, 0x00000000d5580000)
  object space 68608K, 2% used [0x0000000080000000,0x00000000801ec790,0x0000000084300000)
 Metaspace       used 8032K, committed 8320K, reserved 1114112K
  class space    used 831K, committed 960K, reserved 1048576K
}
Event: 9.161 GC heap before
{Heap before GC invocations=3 (full 0):
 PSYoungGen      total 29696K, used 29660K [0x00000000d5580000, 0x00000000d7680000, 0x0000000100000000)
  eden space 25600K, 99% used [0x00000000d5580000,0x00000000d6e7af10,0x00000000d6e80000)
  from space 4096K, 99% used [0x00000000d7280000,0x00000000d767c148,0x00000000d7680000)
  to   space 4096K, 0% used [0x00000000d6e80000,0x00000000d6e80000,0x00000000d7280000)
 ParOldGen       total 68608K, used 1969K [0x0000000080000000, 0x0000000084300000, 0x00000000d5580000)
  object space 68608K, 2% used [0x0000000080000000,0x00000000801ec790,0x0000000084300000)
 Metaspace       used 9507K, committed 9856K, reserved 1114112K
  class space    used 1010K, committed 1152K, reserved 1048576K
}
Event: 9.170 GC heap after
{Heap after GC invocations=3 (full 0):
 PSYoungGen      total 29696K, used 4085K [0x00000000d5580000, 0x00000000d7680000, 0x0000000100000000)
  eden space 25600K, 0% used [0x00000000d5580000,0x00000000d5580000,0x00000000d6e80000)
  from space 4096K, 99% used [0x00000000d6e80000,0x00000000d727d738,0x00000000d7280000)
  to   space 4096K, 0% used [0x00000000d7280000,0x00000000d7280000,0x00000000d7680000)
 ParOldGen       total 68608K, used 4712K [0x0000000080000000, 0x0000000084300000, 0x00000000d5580000)
  object space 68608K, 6% used [0x0000000080000000,0x000000008049a260,0x0000000084300000)
 Metaspace       used 9507K, committed 9856K, reserved 1114112K
  class space    used 1010K, committed 1152K, reserved 1048576K
}
Event: 11.886 GC heap before
{Heap before GC invocations=4 (full 0):
 PSYoungGen      total 29696K, used 29685K [0x00000000d5580000, 0x00000000d7680000, 0x0000000100000000)
  eden space 25600K, 100% used [0x00000000d5580000,0x00000000d6e80000,0x00000000d6e80000)
  from space 4096K, 99% used [0x00000000d6e80000,0x00000000d727d738,0x00000000d7280000)
  to   space 4096K, 0% used [0x00000000d7280000,0x00000000d7280000,0x00000000d7680000)
 ParOldGen       total 68608K, used 4712K [0x0000000080000000, 0x0000000084300000, 0x00000000d5580000)
  object space 68608K, 6% used [0x0000000080000000,0x000000008049a260,0x0000000084300000)
 Metaspace       used 11660K, committed 12032K, reserved 1114112K
  class space    used 1228K, committed 1408K, reserved 1048576K
}
Event: 11.894 GC heap after
{Heap after GC invocations=4 (full 0):
 PSYoungGen      total 29696K, used 4073K [0x00000000d5580000, 0x00000000d7680000, 0x0000000100000000)
  eden space 25600K, 0% used [0x00000000d5580000,0x00000000d5580000,0x00000000d6e80000)
  from space 4096K, 99% used [0x00000000d7280000,0x00000000d767a6d0,0x00000000d7680000)
  to   space 4096K, 0% used [0x00000000d6e80000,0x00000000d6e80000,0x00000000d7280000)
 ParOldGen       total 68608K, used 6768K [0x0000000080000000, 0x0000000084300000, 0x00000000d5580000)
  object space 68608K, 9% used [0x0000000080000000,0x000000008069c378,0x0000000084300000)
 Metaspace       used 11660K, committed 12032K, reserved 1114112K
  class space    used 1228K, committed 1408K, reserved 1048576K
}
Event: 14.145 GC heap before
{Heap before GC invocations=5 (full 0):
 PSYoungGen      total 29696K, used 29673K [0x00000000d5580000, 0x00000000d7680000, 0x0000000100000000)
  eden space 25600K, 100% used [0x00000000d5580000,0x00000000d6e80000,0x00000000d6e80000)
  from space 4096K, 99% used [0x00000000d7280000,0x00000000d767a6d0,0x00000000d7680000)
  to   space 4096K, 0% used [0x00000000d6e80000,0x00000000d6e80000,0x00000000d7280000)
 ParOldGen       total 68608K, used 6768K [0x0000000080000000, 0x0000000084300000, 0x00000000d5580000)
  object space 68608K, 9% used [0x0000000080000000,0x000000008069c378,0x0000000084300000)
 Metaspace       used 15690K, committed 16320K, reserved 1114112K
  class space    used 1627K, committed 1920K, reserved 1048576K
}
Event: 14.152 GC heap after
{Heap after GC invocations=5 (full 0):
 PSYoungGen      total 29184K, used 4094K [0x00000000d5580000, 0x00000000d7900000, 0x0000000100000000)
  eden space 25088K, 0% used [0x00000000d5580000,0x00000000d5580000,0x00000000d6e00000)
  from space 4096K, 99% used [0x00000000d6e80000,0x00000000d727fba8,0x00000000d7280000)
  to   space 5632K, 0% used [0x00000000d7380000,0x00000000d7380000,0x00000000d7900000)
 ParOldGen       total 68608K, used 7847K [0x0000000080000000, 0x0000000084300000, 0x00000000d5580000)
  object space 68608K, 11% used [0x0000000080000000,0x00000000807a9fe8,0x0000000084300000)
 Metaspace       used 15690K, committed 16320K, reserved 1114112K
  class space    used 1627K, committed 1920K, reserved 1048576K
}
Event: 18.971 GC heap before
{Heap before GC invocations=6 (full 0):
 PSYoungGen      total 29184K, used 29182K [0x00000000d5580000, 0x00000000d7900000, 0x0000000100000000)
  eden space 25088K, 100% used [0x00000000d5580000,0x00000000d6e00000,0x00000000d6e00000)
  from space 4096K, 99% used [0x00000000d6e80000,0x00000000d727fba8,0x00000000d7280000)
  to   space 5632K, 0% used [0x00000000d7380000,0x00000000d7380000,0x00000000d7900000)
 ParOldGen       total 68608K, used 7847K [0x0000000080000000, 0x0000000084300000, 0x00000000d5580000)
  object space 68608K, 11% used [0x0000000080000000,0x00000000807a9fe8,0x0000000084300000)
 Metaspace       used 18767K, committed 19584K, reserved 1114112K
  class space    used 1972K, committed 2304K, reserved 1048576K
}
Event: 18.984 GC heap after
{Heap after GC invocations=6 (full 0):
 PSYoungGen      total 29696K, used 4821K [0x00000000d5580000, 0x00000000d7880000, 0x0000000100000000)
  eden space 24576K, 0% used [0x00000000d5580000,0x00000000d5580000,0x00000000d6d80000)
  from space 5120K, 94% used [0x00000000d7380000,0x00000000d78357b0,0x00000000d7880000)
  to   space 5120K, 0% used [0x00000000d6e80000,0x00000000d6e80000,0x00000000d7380000)
 ParOldGen       total 68608K, used 7855K [0x0000000080000000, 0x0000000084300000, 0x00000000d5580000)
  object space 68608K, 11% used [0x0000000080000000,0x00000000807abfe8,0x0000000084300000)
 Metaspace       used 18767K, committed 19584K, reserved 1114112K
  class space    used 1972K, committed 2304K, reserved 1048576K
}
Event: 20.600 GC heap before
{Heap before GC invocations=7 (full 0):
 PSYoungGen      total 29696K, used 23814K [0x00000000d5580000, 0x00000000d7880000, 0x0000000100000000)
  eden space 24576K, 77% used [0x00000000d5580000,0x00000000d680c150,0x00000000d6d80000)
  from space 5120K, 94% used [0x00000000d7380000,0x00000000d78357b0,0x00000000d7880000)
  to   space 5120K, 0% used [0x00000000d6e80000,0x00000000d6e80000,0x00000000d7380000)
 ParOldGen       total 68608K, used 7855K [0x0000000080000000, 0x0000000084300000, 0x00000000d5580000)
  object space 68608K, 11% used [0x0000000080000000,0x00000000807abfe8,0x0000000084300000)
 Metaspace       used 20647K, committed 21504K, reserved 1114112K
  class space    used 2207K, committed 2560K, reserved 1048576K
}
Event: 20.610 GC heap after
{Heap after GC invocations=7 (full 0):
 PSYoungGen      total 29184K, used 4198K [0x00000000d5580000, 0x00000000d7680000, 0x0000000100000000)
  eden space 24576K, 0% used [0x00000000d5580000,0x00000000d5580000,0x00000000d6d80000)
  from space 4608K, 91% used [0x00000000d6e80000,0x00000000d7299898,0x00000000d7300000)
  to   space 3584K, 0% used [0x00000000d7300000,0x00000000d7300000,0x00000000d7680000)
 ParOldGen       total 68608K, used 9439K [0x0000000080000000, 0x0000000084300000, 0x00000000d5580000)
  object space 68608K, 13% used [0x0000000080000000,0x0000000080937cb0,0x0000000084300000)
 Metaspace       used 20647K, committed 21504K, reserved 1114112K
  class space    used 2207K, committed 2560K, reserved 1048576K
}
Event: 20.610 GC heap before
{Heap before GC invocations=8 (full 1):
 PSYoungGen      total 29184K, used 4198K [0x00000000d5580000, 0x00000000d7680000, 0x0000000100000000)
  eden space 24576K, 0% used [0x00000000d5580000,0x00000000d5580000,0x00000000d6d80000)
  from space 4608K, 91% used [0x00000000d6e80000,0x00000000d7299898,0x00000000d7300000)
  to   space 3584K, 0% used [0x00000000d7300000,0x00000000d7300000,0x00000000d7680000)
 ParOldGen       total 68608K, used 9439K [0x0000000080000000, 0x0000000084300000, 0x00000000d5580000)
  object space 68608K, 13% used [0x0000000080000000,0x0000000080937cb0,0x0000000084300000)
 Metaspace       used 20647K, committed 21504K, reserved 1114112K
  class space    used 2207K, committed 2560K, reserved 1048576K
}
Event: 20.682 GC heap after
{Heap after GC invocations=8 (full 1):
 PSYoungGen      total 29184K, used 0K [0x00000000d5580000, 0x00000000d7680000, 0x0000000100000000)
  eden space 24576K, 0% used [0x00000000d5580000,0x00000000d5580000,0x00000000d6d80000)
  from space 4608K, 0% used [0x00000000d6e80000,0x00000000d6e80000,0x00000000d7300000)
  to   space 3584K, 0% used [0x00000000d7300000,0x00000000d7300000,0x00000000d7680000)
 ParOldGen       total 68608K, used 12998K [0x0000000080000000, 0x0000000084300000, 0x00000000d5580000)
  object space 68608K, 18% used [0x0000000080000000,0x0000000080cb1b98,0x0000000084300000)
 Metaspace       used 20634K, committed 21504K, reserved 1114112K
  class space    used 2203K, committed 2560K, reserved 1048576K
}

Dll operation events (20 events):
Event: 0.065 Attempting to load shared library c:\Users\91855\.vscode\extensions\redhat.java-1.56.0-win32-x64\jre\21.0.12.1-win32-x86_64\bin\java.dll
Event: 0.065 Loaded shared library c:\Users\91855\.vscode\extensions\redhat.java-1.56.0-win32-x64\jre\21.0.12.1-win32-x86_64\bin\java.dll
Event: 1.917 Attempting to load shared library c:\Users\91855\.vscode\extensions\redhat.java-1.56.0-win32-x64\jre\21.0.12.1-win32-x86_64\bin\zip.dll
Event: 1.963 Loaded shared library c:\Users\91855\.vscode\extensions\redhat.java-1.56.0-win32-x64\jre\21.0.12.1-win32-x86_64\bin\zip.dll
Event: 2.154 Attempting to load shared library C:\Users\91855\.vscode\extensions\redhat.java-1.56.0-win32-x64\jre\21.0.12.1-win32-x86_64\bin\instrument.dll
Event: 2.154 Loaded shared library C:\Users\91855\.vscode\extensions\redhat.java-1.56.0-win32-x64\jre\21.0.12.1-win32-x86_64\bin\instrument.dll
Event: 2.169 Attempting to load shared library C:\Users\91855\.vscode\extensions\redhat.java-1.56.0-win32-x64\jre\21.0.12.1-win32-x86_64\bin\net.dll
Event: 2.192 Loaded shared library C:\Users\91855\.vscode\extensions\redhat.java-1.56.0-win32-x64\jre\21.0.12.1-win32-x86_64\bin\net.dll
Event: 2.211 Attempting to load shared library C:\Users\91855\.vscode\extensions\redhat.java-1.56.0-win32-x64\jre\21.0.12.1-win32-x86_64\bin\nio.dll
Event: 2.220 Loaded shared library C:\Users\91855\.vscode\extensions\redhat.java-1.56.0-win32-x64\jre\21.0.12.1-win32-x86_64\bin\nio.dll
Event: 2.444 Attempting to load shared library C:\Users\91855\.vscode\extensions\redhat.java-1.56.0-win32-x64\jre\21.0.12.1-win32-x86_64\bin\zip.dll
Event: 2.444 Loaded shared library C:\Users\91855\.vscode\extensions\redhat.java-1.56.0-win32-x64\jre\21.0.12.1-win32-x86_64\bin\zip.dll
Event: 2.611 Attempting to load shared library C:\Users\91855\.vscode\extensions\redhat.java-1.56.0-win32-x64\jre\21.0.12.1-win32-x86_64\bin\jimage.dll
Event: 2.611 Loaded shared library C:\Users\91855\.vscode\extensions\redhat.java-1.56.0-win32-x64\jre\21.0.12.1-win32-x86_64\bin\jimage.dll
Event: 3.133 Attempting to load shared library c:\Users\91855\.vscode\extensions\redhat.java-1.56.0-win32-x64\jre\21.0.12.1-win32-x86_64\bin\verify.dll
Event: 3.135 Loaded shared library c:\Users\91855\.vscode\extensions\redhat.java-1.56.0-win32-x64\jre\21.0.12.1-win32-x86_64\bin\verify.dll
Event: 8.143 Attempting to load shared library C:\Users\91855\AppData\Roaming\Code\User\globalStorage\redhat.java\1.56.0\config_win\org.eclipse.equinox.launcher\org.eclipse.equinox.launcher.win32.win32.x86_64_1.3.100.v20260804-1928\eclipse_11924.dll
Event: 8.154 Loaded shared library C:\Users\91855\AppData\Roaming\Code\User\globalStorage\redhat.java\1.56.0\config_win\org.eclipse.equinox.launcher\org.eclipse.equinox.launcher.win32.win32.x86_64_1.3.100.v20260804-1928\eclipse_11924.dll
Event: 14.759 Attempting to load shared library C:\Users\91855\AppData\Local\Temp\jna-54155968\jna5310906504802147214.dll
Event: 16.496 Loaded shared library C:\Users\91855\AppData\Local\Temp\jna-54155968\jna5310906504802147214.dll

Deoptimization events (20 events):
Event: 19.769 Thread 0x00000282ffd4fc60 Uncommon trap: trap_request=0xffffff45 fr.pc=0x00000282b1a9f268 relative=0x0000000000000048
Event: 19.769 Thread 0x00000282ffd4fc60 Uncommon trap: reason=unstable_if action=reinterpret pc=0x00000282b1a9f268 method=java.lang.StringLatin1.canEncode(C)Z @ 4 c2
Event: 19.769 Thread 0x00000282ffd4fc60 DEOPT PACKING pc=0x00000282b1a9f268 sp=0x000000993a5f2c10
Event: 19.769 Thread 0x00000282ffd4fc60 DEOPT UNPACKING pc=0x00000282b14e3aa2 sp=0x000000993a5f2b98 mode 2
Event: 20.381 Thread 0x00000282ffd4fc60 Uncommon trap: trap_request=0xffffff45 fr.pc=0x00000282b1b6cf84 relative=0x0000000000001024
Event: 20.381 Thread 0x00000282ffd4fc60 Uncommon trap: reason=unstable_if action=reinterpret pc=0x00000282b1b6cf84 method=jdk.internal.org.objectweb.asm.Frame.execute(IILjdk/internal/org/objectweb/asm/Symbol;Ljdk/internal/org/objectweb/asm/SymbolTable;)V @ 1 c2
Event: 20.381 Thread 0x00000282ffd4fc60 DEOPT PACKING pc=0x00000282b1b6cf84 sp=0x000000993a5f1f30
Event: 20.381 Thread 0x00000282ffd4fc60 DEOPT UNPACKING pc=0x00000282b14e3aa2 sp=0x000000993a5f1eb8 mode 2
Event: 20.704 Thread 0x00000282ffd4fc60 Uncommon trap: trap_request=0xffffff45 fr.pc=0x00000282b1b7d2b8 relative=0x0000000000005218
Event: 20.704 Thread 0x00000282ffd4fc60 Uncommon trap: reason=unstable_if action=reinterpret pc=0x00000282b1b7d2b8 method=java.lang.invoke.MethodType.genericMethodType(IZ)Ljava/lang/invoke/MethodType; @ 27 c2
Event: 20.704 Thread 0x00000282ffd4fc60 DEOPT PACKING pc=0x00000282b1b7d2b8 sp=0x000000993a5f2490
Event: 20.704 Thread 0x00000282ffd4fc60 DEOPT UNPACKING pc=0x00000282b14e3aa2 sp=0x000000993a5f22a0 mode 2
Event: 20.839 Thread 0x00000282ffd4fc60 Uncommon trap: trap_request=0xffffff45 fr.pc=0x00000282b1b99e40 relative=0x00000000000001a0
Event: 20.839 Thread 0x00000282ffd4fc60 Uncommon trap: reason=unstable_if action=reinterpret pc=0x00000282b1b99e40 method=jdk.internal.org.objectweb.asm.Frame.push(I)V @ 26 c2
Event: 20.839 Thread 0x00000282ffd4fc60 DEOPT PACKING pc=0x00000282b1b99e40 sp=0x000000993a5f1960
Event: 20.839 Thread 0x00000282ffd4fc60 DEOPT UNPACKING pc=0x00000282b14e3aa2 sp=0x000000993a5f18e8 mode 2
Event: 21.290 Thread 0x00000282ffd4fc60 Uncommon trap: trap_request=0xffffff45 fr.pc=0x00000282b1bd5240 relative=0x0000000000000100
Event: 21.290 Thread 0x00000282ffd4fc60 Uncommon trap: reason=unstable_if action=reinterpret pc=0x00000282b1bd5240 method=org.lombokweb.asm.ClassReader.readUTF8(I[C)Ljava/lang/String; @ 11 c2
Event: 21.290 Thread 0x00000282ffd4fc60 DEOPT PACKING pc=0x00000282b1bd5240 sp=0x000000993a5f3870
Event: 21.290 Thread 0x00000282ffd4fc60 DEOPT UNPACKING pc=0x00000282b14e3aa2 sp=0x000000993a5f3818 mode 2

Classes loaded (20 events):
Event: 21.058 Loading class java/net/Authenticator
Event: 21.059 Loading class java/net/Authenticator done
Event: 21.183 Loading class java/util/Collections$UnmodifiableSortedSet
Event: 21.184 Loading class java/util/Collections$UnmodifiableSortedSet done
Event: 21.307 Loading class java/io/StringReader
Event: 21.308 Loading class java/io/StringReader done
Event: 21.315 Loading class java/util/zip/GZIPOutputStream
Event: 21.319 Loading class java/util/zip/GZIPOutputStream done
Event: 21.320 Loading class java/util/zip/GZIPInputStream
Event: 21.321 Loading class java/util/zip/GZIPInputStream done
Event: 21.330 Loading class java/net/SocketTimeoutException
Event: 21.330 Loading class java/io/InterruptedIOException
Event: 21.331 Loading class java/io/InterruptedIOException done
Event: 21.331 Loading class java/net/SocketTimeoutException done
Event: 21.331 Loading class java/net/SocketException
Event: 21.331 Loading class java/net/SocketException done
Event: 21.331 Loading class java/net/UnknownHostException
Event: 21.331 Loading class java/net/UnknownHostException done
Event: 21.331 Loading class java/net/ProtocolException
Event: 21.331 Loading class java/net/ProtocolException done

Classes unloaded (7 events):
Event: 20.620 Thread 0x00000282a6e01c20 Unloading class 0x00000282bf1a8c00 'java/lang/invoke/LambdaForm$MH+0x00000282bf1a8c00'
Event: 20.620 Thread 0x00000282a6e01c20 Unloading class 0x00000282bf1a8800 'java/lang/invoke/LambdaForm$MH+0x00000282bf1a8800'
Event: 20.620 Thread 0x00000282a6e01c20 Unloading class 0x00000282bf1a8400 'java/lang/invoke/LambdaForm$MH+0x00000282bf1a8400'
Event: 20.620 Thread 0x00000282a6e01c20 Unloading class 0x00000282bf1a8000 'java/lang/invoke/LambdaForm$MH+0x00000282bf1a8000'
Event: 20.621 Thread 0x00000282a6e01c20 Unloading class 0x00000282bf1a7c00 'java/lang/invoke/LambdaForm$BMH+0x00000282bf1a7c00'
Event: 20.621 Thread 0x00000282a6e01c20 Unloading class 0x00000282bf1a7800 'java/lang/invoke/LambdaForm$DMH+0x00000282bf1a7800'
Event: 20.621 Thread 0x00000282a6e01c20 Unloading class 0x00000282bf1a6400 'java/lang/invoke/LambdaForm$DMH+0x00000282bf1a6400'

Classes redefined (0 events):
No events

Internal exceptions (20 events):
Event: 20.484 Thread 0x00000282ffd4fc60 Exception <a 'java/lang/NoSuchMethodError'{0x00000000d6758280}: 'java.lang.Object java.lang.invoke.DirectMethodHandle$Holder.invokeStatic(java.lang.Object, java.lang.Object, java.lang.Object, java.lang.Object, int, java.lang.Object)'> (0x00000000d6758280) 
thrown [s\src\hotspot\share\interpreter\linkResolver.cpp, line 773]
Event: 20.533 Thread 0x00000282ffd4fc60 Exception <a 'java/lang/NoSuchMethodError'{0x00000000d6772450}: 'java.lang.Object java.lang.invoke.DirectMethodHandle$Holder.invokeStaticInit(java.lang.Object, java.lang.Object, java.lang.Object, java.lang.Object, java.lang.Object, java.lang.Object, java.lang.Object)'> (0x00000000d6772450) 
thrown [s\src\hotspot\share\interpreter\linkResolver.cpp, line 773]
Event: 20.536 Thread 0x00000282ffd4fc60 Exception <a 'java/lang/NoSuchMethodError'{0x00000000d6777bf0}: 'java.lang.Object java.lang.invoke.Invokers$Holder.invoke_MT(java.lang.Object, java.lang.Object, java.lang.Object, java.lang.Object, java.lang.Object, java.lang.Object, java.lang.Object, java.lang.Object, java.lang.Object)'> (0x00000000d6777bf0) 
thrown [s\src\hotspot\share\interpreter\linkResolver.cpp, line 773]
Event: 20.548 Thread 0x00000282ffd4fc60 Exception <a 'java/lang/NoSuchMethodError'{0x00000000d67ace48}: 'int java.lang.invoke.DirectMethodHandle$Holder.invokeVirtual(java.lang.Object, java.lang.Object, java.lang.Object)'> (0x00000000d67ace48) 
thrown [s\src\hotspot\share\interpreter\linkResolver.cpp, line 773]
Event: 20.552 Thread 0x00000282ffd4fc60 Exception <a 'java/lang/NoSuchMethodError'{0x00000000d67b1de0}: 'int java.lang.invoke.DirectMethodHandle$Holder.invokeStaticInit(java.lang.Object, int, int)'> (0x00000000d67b1de0) 
thrown [s\src\hotspot\share\interpreter\linkResolver.cpp, line 773]
Event: 20.555 Thread 0x00000282ffd4fc60 Exception <a 'java/lang/NoSuchMethodError'{0x00000000d67ba168}: 'int java.lang.invoke.DirectMethodHandle$Holder.invokeStaticInit(java.lang.Object, long, long)'> (0x00000000d67ba168) 
thrown [s\src\hotspot\share\interpreter\linkResolver.cpp, line 773]
Event: 20.564 Thread 0x00000282ffd4fc60 Exception <a 'java/lang/NoSuchMethodError'{0x00000000d67c1b20}: 'int java.lang.invoke.DirectMethodHandle$Holder.invokeStaticInit(java.lang.Object, float, float)'> (0x00000000d67c1b20) 
thrown [s\src\hotspot\share\interpreter\linkResolver.cpp, line 773]
Event: 20.577 Thread 0x00000282ffd4fc60 Exception <a 'java/lang/NoSuchMethodError'{0x00000000d67c94d0}: 'int java.lang.invoke.DirectMethodHandle$Holder.invokeStaticInit(java.lang.Object, double, double)'> (0x00000000d67c94d0) 
thrown [s\src\hotspot\share\interpreter\linkResolver.cpp, line 773]
Event: 20.581 Thread 0x00000282ffd4fc60 Exception <a 'java/lang/NoSuchMethodError'{0x00000000d67ce8e8}: 'int java.lang.invoke.DirectMethodHandle$Holder.invokeStatic(java.lang.Object, long)'> (0x00000000d67ce8e8) 
thrown [s\src\hotspot\share\interpreter\linkResolver.cpp, line 773]
Event: 20.594 Thread 0x00000282ffd4fc60 Exception <a 'java/lang/NoSuchMethodError'{0x00000000d67ed5d0}: 'int java.lang.invoke.Invokers$Holder.linkToTargetMethod(java.lang.Object, java.lang.Object)'> (0x00000000d67ed5d0) 
thrown [s\src\hotspot\share\interpreter\linkResolver.cpp, line 773]
Event: 20.709 Thread 0x00000282ffd4fc60 Exception <a 'java/lang/NoSuchMethodError'{0x00000000d5598aa8}: 'java.lang.Object java.lang.invoke.Invokers$Holder.invoke_MT(java.lang.Object, java.lang.Object, java.lang.Object, java.lang.Object, java.lang.Object, java.lang.Object, java.lang.Object, java.lang.Object, java.lang.Object, java.lang.Object, java.lang.Object)'> (0x00000000d5598aa8) 
thrown [s\src\hotspot\share\interpreter\linkResolver.cpp, line 773]
Event: 20.737 Thread 0x00000282ffd4fc60 Exception <a 'java/lang/NoSuchMethodError'{0x00000000d5629eb8}: 'java.lang.Object java.lang.invoke.Invokers$Holder.invoke_MT(java.lang.Object, java.lang.Object, java.lang.Object, java.lang.Object, java.lang.Object, java.lang.Object, java.lang.Object, java.lang.Object, java.lang.Object, java.lang.Object)'> (0x00000000d5629eb8) 
thrown [s\src\hotspot\share\interpreter\linkResolver.cpp, line 773]
Event: 20.818 Thread 0x00000282ffd4fc60 Exception <a 'java/lang/NoSuchMethodError'{0x00000000d56c0938}: 'java.lang.Object java.lang.invoke.DirectMethodHandle$Holder.newInvokeSpecial(java.lang.Object, java.lang.Object, java.lang.Object, java.lang.Object, java.lang.Object, java.lang.Object, java.lang.Object)'> (0x00000000d56c0938) 
thrown [s\src\hotspot\share\interpreter\linkResolver.cpp, line 773]
Event: 20.839 Thread 0x00000282ffd4fc60 Exception <a 'java/lang/NoSuchMethodError'{0x00000000d5738868}: 'java.lang.Object java.lang.invoke.Invokers$Holder.invoker(java.lang.Object, java.lang.Object, java.lang.Object, java.lang.Object, java.lang.Object, java.lang.Object, java.lang.Object, java.lang.Object, java.lang.Object, java.lang.Object, java.lang.Object, java.lang.Object, java.lang.Object)'> (0x00000000d5738868) 
thrown [s\src\hotspot\share\interpreter\linkResolver.cpp, line 773]
Event: 20.840 Thread 0x00000282ffd4fc60 Exception <a 'java/lang/NoSuchMethodError'{0x00000000d5742d00}: 'java.lang.Object java.lang.invoke.DelegatingMethodHandle$Holder.delegate(java.lang.Object, java.lang.Object, java.lang.Object, java.lang.Object, java.lang.Object, java.lang.Object, java.lang.Object, java.lang.Object, java.lang.Object, java.lang.Object, java.lang.Object, java.lang.Object, java.lang.Object)'> (0x00000000d5742d00) 
thrown [s\src\hotspot\share\interpreter\linkResolver.cpp, line 773]
Event: 20.867 Thread 0x00000282ffd4fc60 Exception <a 'java/lang/NoSuchMethodError'{0x00000000d57aec58}: static Lorg/eclipse/m2e/core/internal/lifecyclemapping/model/PluginExecutionMetadata;.<clinit>()V> (0x00000000d57aec58) 
thrown [s\src\hotspot\share\prims\jni.cpp, line 1111]
Event: 20.885 Thread 0x00000282ffd4fc60 Exception <a 'java/lang/NoSuchMethodError'{0x00000000d581cb20}: static Lorg/eclipse/m2e/core/internal/lifecyclemapping/model/PluginExecutionFilter;.<clinit>()V> (0x00000000d581cb20) 
thrown [s\src\hotspot\share\prims\jni.cpp, line 1111]
Event: 20.896 Thread 0x00000282ffd4fc60 Exception <a 'java/lang/NoSuchMethodError'{0x00000000d584d710}: static Lorg/eclipse/m2e/core/internal/project/registry/MavenProjectFacade$MavenProjectConfiguration;.<clinit>()V> (0x00000000d584d710) 
thrown [s\src\hotspot\share\prims\jni.cpp, line 1111]
Event: 21.126 Thread 0x00000282ffd4fc60 Exception <a 'java/lang/NoSuchMethodError'{0x00000000d5dd1900}: 'double java.lang.invoke.DirectMethodHandle$Holder.invokeStatic(java.lang.Object, java.lang.Object)'> (0x00000000d5dd1900) 
thrown [s\src\hotspot\share\interpreter\linkResolver.cpp, line 773]
Event: 21.141 Thread 0x00000282ffd4fc60 Exception <a 'java/lang/NoSuchMethodError'{0x00000000d5dd4fc0}: 'double java.lang.invoke.DirectMethodHandle$Holder.invokeStaticInit(java.lang.Object, java.lang.Object)'> (0x00000000d5dd4fc0) 
thrown [s\src\hotspot\share\interpreter\linkResolver.cpp, line 773]

ZGC Phase Switch (0 events):
No events

VM Operations (20 events):
Event: 16.517 Executing non-safepoint VM operation: HandshakeAllThreads (Deoptimize)
Event: 16.517 Executing non-safepoint VM operation: HandshakeAllThreads (Deoptimize) done
Event: 17.523 Executing safepoint VM operation: Cleanup
Event: 17.540 Executing safepoint VM operation: Cleanup done
Event: 18.308 Executing non-safepoint VM operation: HandshakeAllThreads (Deoptimize)
Event: 18.308 Executing non-safepoint VM operation: HandshakeAllThreads (Deoptimize) done
Event: 18.590 Executing non-safepoint VM operation: HandshakeAllThreads (Deoptimize)
Event: 18.590 Executing non-safepoint VM operation: HandshakeAllThreads (Deoptimize) done
Event: 18.590 Executing safepoint VM operation: Cleanup
Event: 18.591 Executing safepoint VM operation: Cleanup done
Event: 18.608 Executing non-safepoint VM operation: HandshakeAllThreads (Deoptimize)
Event: 18.608 Executing non-safepoint VM operation: HandshakeAllThreads (Deoptimize) done
Event: 18.970 Executing safepoint VM operation: ParallelGCFailedAllocation (Allocation Failure)
Event: 18.984 Executing safepoint VM operation: ParallelGCFailedAllocation (Allocation Failure) done
Event: 19.989 Executing safepoint VM operation: Cleanup
Event: 19.989 Executing safepoint VM operation: Cleanup done
Event: 20.212 Executing non-safepoint VM operation: HandshakeAllThreads (Deoptimize)
Event: 20.212 Executing non-safepoint VM operation: HandshakeAllThreads (Deoptimize) done
Event: 20.600 Executing safepoint VM operation: CollectForMetadataAllocation (Metadata GC Threshold)
Event: 20.682 Executing safepoint VM operation: CollectForMetadataAllocation (Metadata GC Threshold) done

Memory protections (0 events):
No events

Nmethod flushes (0 events):
No events

Events (20 events):
Event: 1.668 Thread 0x00000282a6d5d4d0 Thread added: 0x00000282a6e1d6a0
Event: 1.668 Thread 0x00000282a6d5d4d0 Thread added: 0x00000282a6c51af0
Event: 1.681 Thread 0x00000282a6d5d4d0 Thread added: 0x00000282a6c54e70
Event: 1.682 Thread 0x00000282a6d5d4d0 Thread added: 0x00000282a6c558d0
Event: 1.682 Thread 0x00000282a6d5d4d0 Thread added: 0x00000282a6c56330
Event: 1.682 Thread 0x00000282a6d5d4d0 Thread added: 0x00000282a6c56d90
Event: 1.682 Thread 0x00000282a6d5d4d0 Thread added: 0x00000282a6c59be0
Event: 1.684 Thread 0x00000282a6d5d4d0 Thread added: 0x00000282a6c8e470
Event: 2.165 Thread 0x00000282a6d5d4d0 Thread added: 0x00000282ff516410
Event: 3.759 Thread 0x00000282a6d5d4d0 Thread added: 0x00000282ff951260
Event: 7.299 Thread 0x00000282a6d5d4d0 Thread added: 0x00000282ff78b460
Event: 8.134 Thread 0x00000282a6d5d4d0 Thread added: 0x00000282ffc44a50
Event: 8.234 Thread 0x00000282ffc44a50 Thread added: 0x00000282ffd4e4a0
Event: 8.245 Thread 0x00000282a6d5d4d0 Thread added: 0x00000282ffd4fc60
Event: 9.329 Thread 0x00000282ffd4fc60 Thread added: 0x00000282ffb4b450
Event: 11.562 Thread 0x00000282ffd4fc60 Thread added: 0x000002828456e980
Event: 13.328 Thread 0x00000282ffd4fc60 Thread added: 0x0000028284723420
Event: 16.623 Thread 0x00000282ffd4fc60 Thread added: 0x00000282848b8910
Event: 16.833 Thread 0x00000282ffd4fc60 Thread added: 0x00000282848b9630
Event: 17.467 Thread 0x00000282ffd4fc60 Thread added: 0x00000282848b9cc0


Dynamic libraries:
0x00007ff603350000 - 0x00007ff60335e000 	c:\Users\91855\.vscode\extensions\redhat.java-1.56.0-win32-x64\jre\21.0.12.1-win32-x86_64\bin\java.exe
0x00007ff91ab00000 - 0x00007ff91ad67000 	C:\WINDOWS\SYSTEM32\ntdll.dll
0x00007ff918e50000 - 0x00007ff918f1b000 	C:\WINDOWS\System32\KERNEL32.DLL
0x00007ff918410000 - 0x00007ff918812000 	C:\WINDOWS\System32\KERNELBASE.dll
0x00007ff917fa0000 - 0x00007ff9180ec000 	C:\WINDOWS\System32\ucrtbase.dll
0x00007ff90bf40000 - 0x00007ff90bf5e000 	c:\Users\91855\.vscode\extensions\redhat.java-1.56.0-win32-x64\jre\21.0.12.1-win32-x86_64\bin\VCRUNTIME140.dll
0x00007ff912ac0000 - 0x00007ff912ad8000 	c:\Users\91855\.vscode\extensions\redhat.java-1.56.0-win32-x64\jre\21.0.12.1-win32-x86_64\bin\jli.dll
0x00007ff9196b0000 - 0x00007ff91987f000 	C:\WINDOWS\System32\USER32.dll
0x00007ff902710000 - 0x00007ff9029a0000 	C:\WINDOWS\WinSxS\amd64_microsoft.windows.common-controls_6595b64144ccf1df_6.0.26100.9278_none_3e0d1ba8e3303201\COMCTL32.dll
0x00007ff919200000 - 0x00007ff9192a9000 	C:\WINDOWS\System32\msvcrt.dll
0x00007ff918ca0000 - 0x00007ff918ccb000 	C:\WINDOWS\System32\GDI32.dll
0x00007ff917e40000 - 0x00007ff917e67000 	C:\WINDOWS\System32\win32u.dll
0x00007ff917e70000 - 0x00007ff917f99000 	C:\WINDOWS\System32\gdi32full.dll
0x00007ff917d00000 - 0x00007ff917da3000 	C:\WINDOWS\System32\msvcp_win.dll
0x00007ff918db0000 - 0x00007ff918de1000 	C:\WINDOWS\System32\IMM32.DLL
0x00007ff913410000 - 0x00007ff91341c000 	c:\Users\91855\.vscode\extensions\redhat.java-1.56.0-win32-x64\jre\21.0.12.1-win32-x86_64\bin\vcruntime140_1.dll
0x00007ff8eada0000 - 0x00007ff8eae2d000 	c:\Users\91855\.vscode\extensions\redhat.java-1.56.0-win32-x64\jre\21.0.12.1-win32-x86_64\bin\msvcp140.dll
0x00007ff8c7380000 - 0x00007ff8c8122000 	c:\Users\91855\.vscode\extensions\redhat.java-1.56.0-win32-x64\jre\21.0.12.1-win32-x86_64\bin\server\jvm.dll
0x00007ff918ac0000 - 0x00007ff918b7c000 	C:\WINDOWS\System32\ADVAPI32.dll
0x00007ff918d00000 - 0x00007ff918da9000 	C:\WINDOWS\System32\sechost.dll
0x00007ff918830000 - 0x00007ff918948000 	C:\WINDOWS\System32\RPCRT4.dll
0x00007ff918bc0000 - 0x00007ff918c40000 	C:\WINDOWS\System32\WS2_32.dll
0x00007ff917b60000 - 0x00007ff917bbe000 	C:\WINDOWS\SYSTEM32\POWRPROF.dll
0x00007ff910e60000 - 0x00007ff910e96000 	C:\WINDOWS\SYSTEM32\WINMM.dll
0x00007ff910ea0000 - 0x00007ff910eab000 	C:\WINDOWS\SYSTEM32\VERSION.dll
0x00007ff917b30000 - 0x00007ff917b45000 	C:\WINDOWS\SYSTEM32\UMPDC.dll
0x00007ff9169d0000 - 0x00007ff9169eb000 	C:\WINDOWS\SYSTEM32\kernel.appcore.dll
0x00007ff90e590000 - 0x00007ff90e59a000 	c:\Users\91855\.vscode\extensions\redhat.java-1.56.0-win32-x64\jre\21.0.12.1-win32-x86_64\bin\jimage.dll
0x00007ff90af20000 - 0x00007ff90b16c000 	C:\WINDOWS\SYSTEM32\DBGHELP.DLL
0x00007ff9192b0000 - 0x00007ff919635000 	C:\WINDOWS\System32\combase.dll
0x00007ff91a770000 - 0x00007ff91a849000 	C:\WINDOWS\System32\OLEAUT32.dll
0x00007ff9014e0000 - 0x00007ff90151b000 	C:\WINDOWS\SYSTEM32\dbgcore.DLL
0x00007ff9181c0000 - 0x00007ff91826c000 	C:\WINDOWS\System32\bcryptPrimitives.dll
0x00007ff90e300000 - 0x00007ff90e30f000 	c:\Users\91855\.vscode\extensions\redhat.java-1.56.0-win32-x64\jre\21.0.12.1-win32-x86_64\bin\instrument.dll
0x00007ff909340000 - 0x00007ff909360000 	c:\Users\91855\.vscode\extensions\redhat.java-1.56.0-win32-x64\jre\21.0.12.1-win32-x86_64\bin\java.dll
0x00007ff919fd0000 - 0x00007ff91a768000 	C:\WINDOWS\System32\SHELL32.dll
0x00007ff915760000 - 0x00007ff91600e000 	C:\WINDOWS\SYSTEM32\windows.storage.dll
0x00007ff91a9c0000 - 0x00007ff91aabb000 	C:\WINDOWS\System32\SHCORE.dll
0x00007ff919640000 - 0x00007ff9196a6000 	C:\WINDOWS\System32\shlwapi.dll
0x00007ff917c20000 - 0x00007ff917c49000 	C:\WINDOWS\SYSTEM32\profapi.dll
0x00007ff901450000 - 0x00007ff901468000 	c:\Users\91855\.vscode\extensions\redhat.java-1.56.0-win32-x64\jre\21.0.12.1-win32-x86_64\bin\zip.dll
0x00007ff90e210000 - 0x00007ff90e220000 	C:\Users\91855\.vscode\extensions\redhat.java-1.56.0-win32-x64\jre\21.0.12.1-win32-x86_64\bin\net.dll
0x00007ff90d1d0000 - 0x00007ff90d2fa000 	C:\WINDOWS\SYSTEM32\WINHTTP.dll
0x00007ff916f90000 - 0x00007ff916ffc000 	C:\WINDOWS\system32\mswsock.dll
0x00007ff8f88d0000 - 0x00007ff8f88e6000 	C:\Users\91855\.vscode\extensions\redhat.java-1.56.0-win32-x64\jre\21.0.12.1-win32-x86_64\bin\nio.dll
0x00007ff908fe0000 - 0x00007ff908ff0000 	c:\Users\91855\.vscode\extensions\redhat.java-1.56.0-win32-x64\jre\21.0.12.1-win32-x86_64\bin\verify.dll
0x00007ff8ed510000 - 0x00007ff8ed555000 	C:\Users\91855\AppData\Roaming\Code\User\globalStorage\redhat.java\1.56.0\config_win\org.eclipse.equinox.launcher\org.eclipse.equinox.launcher.win32.win32.x86_64_1.3.100.v20260804-1928\eclipse_11924.dll
0x00007ff919890000 - 0x00007ff919a2a000 	C:\WINDOWS\System32\ole32.dll
0x00007ff917280000 - 0x00007ff91729b000 	C:\WINDOWS\SYSTEM32\CRYPTSP.dll
0x00007ff916930000 - 0x00007ff916969000 	C:\WINDOWS\system32\rsaenh.dll
0x00007ff917040000 - 0x00007ff917074000 	C:\WINDOWS\SYSTEM32\USERENV.dll
0x00007ff917bf0000 - 0x00007ff917c1a000 	C:\WINDOWS\SYSTEM32\bcrypt.dll
0x00007ff9172a0000 - 0x00007ff9172ac000 	C:\WINDOWS\SYSTEM32\CRYPTBASE.dll
0x00007ff9163b0000 - 0x00007ff9163e3000 	C:\WINDOWS\SYSTEM32\IPHLPAPI.DLL
0x00007ff918cf0000 - 0x00007ff918cfa000 	C:\WINDOWS\System32\NSI.dll
0x00007ff8f33c0000 - 0x00007ff8f3409000 	C:\Users\91855\AppData\Local\Temp\jna-54155968\jna5310906504802147214.dll
0x00007ff91a850000 - 0x00007ff91a858000 	C:\WINDOWS\System32\PSAPI.DLL

JVMTI agents:
c:\Users\91855\.vscode\extensions\redhat.java-1.56.0-win32-x64\lombok\lombok-1.18.39-4050.jar path:c:\Users\91855\.vscode\extensions\redhat.java-1.56.0-win32-x64\jre\21.0.12.1-win32-x86_64\bin\instrument.dll, loaded, initialized, instrumentlib options:none

dbghelp: loaded successfully - version: 4.0.5 - missing functions: none
symbol engine: initialized successfully - sym options: 0x614 - pdb path: .;c:\Users\91855\.vscode\extensions\redhat.java-1.56.0-win32-x64\jre\21.0.12.1-win32-x86_64\bin;C:\WINDOWS\SYSTEM32;C:\WINDOWS\WinSxS\amd64_microsoft.windows.common-controls_6595b64144ccf1df_6.0.26100.9278_none_3e0d1ba8e3303201;c:\Users\91855\.vscode\extensions\redhat.java-1.56.0-win32-x64\jre\21.0.12.1-win32-x86_64\bin\server;C:\Users\91855\AppData\Roaming\Code\User\globalStorage\redhat.java\1.56.0\config_win\org.eclipse.equinox.launcher\org.eclipse.equinox.launcher.win32.win32.x86_64_1.3.100.v20260804-1928;C:\Users\91855\AppData\Local\Temp\jna-54155968

VM Arguments:
jvm_args: --add-modules=ALL-SYSTEM --add-opens=java.base/java.util=ALL-UNNAMED --add-opens=java.base/java.lang=ALL-UNNAMED --add-opens=java.base/sun.nio.fs=ALL-UNNAMED -Declipse.application=org.eclipse.jdt.ls.core.id1 -Dosgi.bundles.defaultStartLevel=4 -Declipse.product=org.eclipse.jdt.ls.core.product -Djava.import.generatesMetadataFilesAtProjectRoot=false -Dm2e.project.cache.size=50 -DDetectVMInstallationsJob.disabled=true -Dfile.encoding=utf8 -XX:+UseParallelGC -XX:GCTimeRatio=4 -XX:AdaptiveSizePolicyWeight=90 -Dsun.zip.disableMemoryMapping=true -Xmx2G -Xms100m -Xlog:disable -javaagent:c:\Users\91855\.vscode\extensions\redhat.java-1.56.0-win32-x64\lombok\lombok-1.18.39-4050.jar -XX:+HeapDumpOnOutOfMemoryError -XX:HeapDumpPath=c:\Users\91855\AppData\Roaming\Code\User\workspaceStorage\1df2326440fc23dada0613db5c5a4e04\redhat.java -Daether.dependencyCollector.impl=bf 
java_command: c:\Users\91855\.vscode\extensions\redhat.java-1.56.0-win32-x64\server\plugins\org.eclipse.equinox.launcher_1.8.0.v20260804-1928.jar -configuration c:\Users\91855\AppData\Roaming\Code\User\globalStorage\redhat.java\1.56.0\config_win -data c:\Users\91855\AppData\Roaming\Code\User\workspaceStorage\1df2326440fc23dada0613db5c5a4e04\redhat.java\jdt_ws --stdio
java_class_path (initial): c:\Users\91855\.vscode\extensions\redhat.java-1.56.0-win32-x64\server\plugins\org.eclipse.equinox.launcher_1.8.0.v20260804-1928.jar
Launcher Type: SUN_STANDARD

[Global flags]
    uintx AdaptiveSizePolicyWeight                 = 90                                        {product} {command line}
     intx CICompilerCount                          = 3                                         {product} {ergonomic}
    uintx GCTimeRatio                              = 4                                         {product} {command line}
     bool HeapDumpOnOutOfMemoryError               = true                                   {manageable} {command line}
    ccstr HeapDumpPath                             = c:\Users\91855\AppData\Roaming\Code\User\workspaceStorage\1df2326440fc23dada0613db5c5a4e04\redhat.java         {manageable} {command line}
   size_t InitialHeapSize                          = 104857600                                 {product} {command line}
   size_t MaxHeapSize                              = 2147483648                                {product} {command line}
   size_t MaxNewSize                               = 715653120                                 {product} {ergonomic}
   size_t MinHeapDeltaBytes                        = 524288                                    {product} {ergonomic}
   size_t MinHeapSize                              = 104857600                                 {product} {command line}
   size_t NewSize                                  = 34603008                                  {product} {ergonomic}
    uintx NonNMethodCodeHeapSize                   = 5832780                                {pd product} {ergonomic}
    uintx NonProfiledCodeHeapSize                  = 122912730                              {pd product} {ergonomic}
   size_t OldSize                                  = 70254592                                  {product} {ergonomic}
    uintx ProfiledCodeHeapSize                     = 122912730                              {pd product} {ergonomic}
    uintx ReservedCodeCacheSize                    = 251658240                              {pd product} {ergonomic}
     bool SegmentedCodeCache                       = true                                      {product} {ergonomic}
   size_t SoftMaxHeapSize                          = 2147483648                             {manageable} {ergonomic}
     bool UseCompressedOops                        = true                           {product lp64_product} {ergonomic}
     bool UseLargePagesIndividualAllocation        = false                                  {pd product} {ergonomic}
     bool UseParallelGC                            = true                                      {product} {command line}

Logging:
Log output configuration:
 #0: stdout all=off uptime,level,tags foldmultilines=false
 #1: stderr all=off uptime,level,tags foldmultilines=false

Release file:
JAVA_VERSION="21.0.12.1" 
MODULES="java.base java.compiler java.datatransfer java.xml java.prefs java.desktop java.instrument java.logging java.management java.security.sasl java.naming java.rmi java.management.rmi java.net.http java.scripting java.security.jgss java.transaction.xa java.sql java.sql.rowset java.xml.crypto java.se java.smartcardio jdk.accessibility jdk.internal.jvmstat jdk.attach jdk.charsets jdk.internal.opt jdk.zipfs jdk.compiler jdk.crypto.ec jdk.crypto.cryptoki jdk.crypto.mscapi jdk.dynalink jdk.internal.ed jdk.editpad jdk.hotspot.agent jdk.httpserver jdk.internal.le jdk.internal.vm.ci jdk.internal.vm.compiler jdk.internal.vm.compiler.management jdk.jartool jdk.javadoc jdk.jcmd jdk.management jdk.management.agent jdk.jconsole jdk.jdeps jdk.jdwp.agent jdk.jdi jdk.jfr jdk.jshell jdk.jsobject jdk.jstatd jdk.localedata jdk.management.jfr jdk.naming.dns jdk.naming.rmi jdk.net jdk.nio.mapmode jdk.random jdk.sctp jdk.security.auth jdk.security.jgss jdk.unsupported jdk.unsupported.desktop jdk.xml.dom" 

Environment Variables:
JAVA_HOME=C:\Program Files\Microsoft\jdk-17.0.13.11-hotspot\
PATH=C:\Program Files\Microsoft\jdk-17.0.13.11-hotspot\bin;C:\Program Files\Common Files\Oracle\Java\javapath;C:\Program Files\Eclipse Adoptium\jdk-17.0.7.7-hotspot\bin;C:\WINDOWS\system32;C:\WINDOWS;C:\WINDOWS\System32\Wbem;C:\WINDOWS\System32\WindowsPowerShell\v1.0\;C:\WINDOWS\System32\OpenSSH\;C:\Program Files\dotnet\;C:\Program Files\Microsoft SQL Server\150\Tools\Binn\;C:\ProgramData\chocolatey\bin;C:\WINDOWS\system32;C:\WINDOWS;C:\WINDOWS\System32\Wbem;C:\WINDOWS\System32\WindowsPowerShell\v1.0\;C:\WINDOWS\System32\OpenSSH\;C:\Program Files\nodejs\;C:\Program Files\Go\bin;C:\Program Files\Git\cmd;C:\Users\91855\AppData\Local\Microsoft\WindowsApps;C:\Users\91855\AppData\Local\Programs\Microsoft VS Code\bin;C:\Program Files\Java\jdk-11\bin;C:\Users\91855\AppData\Local\GitHubDesktop\bin;C:\Program Files\MongoDB\Server\6.0\bin;C:\msys64\ucrt64\bin;C:\Users\91855\AppData\Local\Microsoft\WinGet\Packages\Schniz.fnm_Microsoft.Winget.Source_8wekyb3d8bbwe;C:\Users\91855\.bun\bin;C:\Users\91855\AppData\Roaming\npm;C:\Users\91855\go\bin;C:\Users\91855\AppData\Local\Programs\codecrafters
USERNAME=91855
OS=Windows_NT
PROCESSOR_IDENTIFIER=AMD64 Family 23 Model 24 Stepping 1, AuthenticAMD
TMP=C:\Users\91855\AppData\Local\Temp
TEMP=C:\Users\91855\AppData\Local\Temp




Periodic native trim disabled

---------------  S Y S T E M  ---------------

OS:
 Windows 11 , 64 bit Build 26100 (10.0.26100.9444)
OS uptime: 7 days 3:16 hours
Hyper-V role detected

CPU: total 4 (initial active 4) (4 cores per cpu, 2 threads per core) family 23 model 24 stepping 1 microcode 0x810810e, cx8, cmov, fxsr, ht, mmx, 3dnowpref, sse, sse2, sse3, ssse3, sse4a, sse4.1, sse4.2, popcnt, lzcnt, tsc, tscinvbit, avx, avx2, aes, clmul, bmi1, bmi2, adx, sha, fma, vzeroupper, clflush, clflushopt, hv, rdtscp, f16c
Processor Information for the first 4 processors :
  Max Mhz: 2600, Current Mhz: 2600, Mhz Limit: 2600

Memory: 4k page, system-wide physical 3470M (13M free)
TotalPageFile size 14222M (AvailPageFile size 76M)
current process WorkingSet (physical memory assigned to process): 128M, peak: 128M
current process commit charge ("private bytes"): 259M, peak: 264M

vm_info: OpenJDK 64-Bit Server VM (21.0.12.1+1-LTS) for windows-amd64 JRE (21.0.12.1+1-LTS), built on 2026-08-18T00:00:00Z by "admin" with MS VC++ 17.12 (VS2022)

END.
